,tit,body,comment,time,keyword
0,화가 날땐 어떻게 푸세요?,요즘 속상한 일이 많네요. 보통땐 그냥 혼자 마음정리하고 드라마도 보며 푸는데 오늘따라 잘 안풀리네요. 애한테도 안좋은 영향줄까봐 혼자 쇼파에서 숨쉬기 운동중인데 열이 잘나는 아픈 아이 육아중이라 외출도 안돼요. 연애때처럼 남편이랑 드라이브갈 여유가 있으면 싶네요.,"[['저녁은 드시고 싶은거로 드셔요~^^'], ['먹는게 남는거죠!'], ['동영상 짤 봐요. 그럼 생각없이 시간 지나가서 좀 풀려요. 대신 화가난 일이 해결되는거는 아니네요. 조금이나마 마음의 평화를 찾을수 있더라구요'], ['유튜브 웃긴영상 봐야겠네요.'], ['이어폰으로 댄스음악 크게듣던지...아님 심신안정을위해 클레식틀고 호흡가다듬기...그냥 그러고있음 조금 진정되더라구요...아이(사춘기)한테 화날땐 잠시 각자방에 떨어져있기...안그럼 막말하게되고 감정폭팔하더라구요..'], ['클래식 댄스음악 참고할게요. 오랜만에 첼로 들어야겠어요.'], ['매운음식+맥주 풀리는것 같더라고요'], ['저두요ㅎ 전 이미 시작했어요ㅎ'], ['술은 못하지만 매운음식은 꽤합니다 ㅎㅎ'], ['먹네요'], ['제가 요린이라 시켜야겠네요.'], ['퇴근후 샤워하고 션하게 캔맥 따서 마시면서 이어폰끼고 제가 좋아하는 음악들어요 ~예전엔 차끌고 나가서 음악 터지게 틀고 고속도로 폭주 차없는 도로 질주~~~야간주행했는데요 ~~~~지금은 피곤해서…아님 신발사요 ㅠㅠ'], ['저도 운전하면 혼자 나가고 싶어요. ㅠㅠ 캔맥은 못하고 사이다라도 사야겠네요'], ['시간이 가야하더라고요. 아님 아예 생각안나게 한숨 푹 자던가.. 무슨일인지 모르겠지만 얼른 잊고 좋은일만 생기시길 바래요'], ['남한테 속는게 저는 제일 싫네요. 점점 사람을 믿지못하게 되고 믿은 자신을 자책하게 돼요. 결국 시간이 가야하나봐요.'], ['저도 매운음식에 소주요ㅜㅜ\n진짜 절정이면 걍 자요'], ['ㅜㅜ 자는 것도 방법이네요. 화나는게 뭔지 하루종일 애랑 못놀아줘서 딸 밥먹이고 있네요.'], ['돈쓰고 , 운동으로 몸을 혹사시키면 되더라고여....ㅡㅡㅋㅈ아니면 몰래 울던가 전 짜증나거나슬프면 밤에 혼자울어요'], ['커피 마셔요.'], ['먹고싶은거나 사고싶은거 사요'], ['누구에게 수다로 이런일있었다라고 막얘기해야 좀 풀려요 전화라도..ㅠㅠ'], ['전 애들 재우고 티비보며 맥주마심서 풀어요~'], ['매운거 먹거나 차에서 혼자 음악들어요~'], ['뭐에 화났느냐에 다르지만..보통은 집콕에 잠자는 걸루 풀었는데..아이들있으니 집에있음 화가 더 나더라고요ㅜㅜ'], ['쇼핑요'], ['뜨개질을해요 ㅋㅋㅋ 그래서 실력이 쑥쑥느나봐요 ㅎㅎㅎ'], ['술열잔마셔요~~~~~'], ['달달한거 먹어요~ 평소엔 아메 먹지만 그럴땐 카페모카 휘핑크림 팍팍넣고 먹지요~ 마카롱, 생크림케익, 에그타르트  등등 먹고나면 기분이 훨씬 좋아져요^^'], ['쇼핑합니다~'], ['뭐라도 사요~~ 생필품이라도요ㅋ 아니면 네일이요~~^^;'], ['코로나 전에는 좋은 사람들 만나 수다떨고 맛난거 먹는거...요즘은 배불리 먹고 잡니다...이래서 확찐자 되나봐여... ㅋㅋ']]",2021.07.08. 18:52,샤워 음악
1,하..수면교육 어떻게 하세요,아무 생각 없이 저희 패턴에 맞춰서 지내던 아기(11시에 막수하고 트름시킬려고 안고 있는동안 잠들어 서 눕혀서 재움)60일 지나고 보니 너무 늦게 자는건 아닌가 싶어서 9시에 수면의식 시작하고 (샤워->소등및음악->막수)10시에 재우려고 하는데 울고불고 하다가 새벽 한시쯤 되면 배고파 할때 되서 수유하는 중에 지쳐서 잠드네요 ​일찍이 통잠도 잘자는 아간데 괜히 한두시간 앞당겨서 재워보려다가 더 늦게 자는 꼴이 되어버린건 아닌지... 다들 몇시에 재우시고 수면교육은 어떻게 하시나요?,"[['애기가.알아서 자는거같아요 우리애기도 목욕7시에도 시캬보고 일찍 재울려고 별 노력을 다해봤는데 12시전으로는 안자는거에요 ㅠ 근데 80일 지나니까 갑자기 7~8시만 되면 잘자요 등센서 없어지구요...'], ['조금 더 기다려줘야 할까봐요\n삐*삐* 유투브 수면교육 참고 했더니 신생아때부터! 애기가 잘 자고 있을 때부터! 시작하라고 해서 했더니...어설프게 따라 했나봐요'], ['일찍 재우는거부터가 시작이 아니라 일찍 깨우는거부터가 시작이예요. 첫수를 몇시에 하나요? 시작을 일찍해야 아가도 피곤해서 일찍 자죠~^^'], ['근데 아직 백일 전이니까 조금 더 지켜보는것도 좋을것 같네요~~ 저는 막수가 많이 당겨진 후에 시작했거든요^^ 통잠 10-11시간 자기 시작하면서부터. 첫수를 8시로 잡고 시작했어요~ 지금은 막수 9시에 하고 9시반에 자요^^'], ['첫수는 7시~8시에 해요.  그러고 수유텀이 4시간으로 가다보니 막수가 11시쯤 되더라고요. \n수면교육 시작하려고 한 날부터 막수를 당기려고 3시간텀으로 잡았더니 많이 먹지도 않고 그러다 보니 배도 안불러서 인지 낮잠도 토끼잠 자고 패턴이 다 엉켜버렸어요'], ['저도 그때쯤 요래 먹였었네요~ 케바케고 애바애니까 일단 총 잠이 12시간 정도 된다면 너무 스트레스 받지 마세요~~'], ['저희는 저녁 6시 되면 불끄고 재우기 시작했어요 아이들이 클수록 취침 시간이 뒤로 밀리더라구요 자연스럽게, 6시에 자면 꼬박 열두시간 통잠잤어요'], ['70일부터 시작했어요. \n그전에는 애기 안아서 재웠고 같은침대에서 잤습니다... 애기가 그때는 10시 넘어서 잤어요 ㅠㅠ 진짜 몸이 부숴질꺼같고 애기도 저땜에 자주깨는거같아서 수면교육 시작 했구요. 밤6-7사이에 자서 새벽 5시에 깹니다. 그뒤로 한번 더 자구요.! 애기 지금138일됬어요!! 수면교육할때 수면의식하는게 중요하드라구요... 제 경우에는 4시이후로는 낮잠을 안 재웠습니다!!! 애기도 안자려고 하고 자도 그때는 토끼잠 자드라구요..그리고 5:50분쯤 목욕 6:15분 막수 하면 애기 6-7사이에 잠들어요.유툽은 로운맘? 참고했습니다!'], ['로운맘 참고 해볼게요 ^^ \n낮잠까지 고려해야 하니 수면교육 참 어렵네요ㅠㅠ'], ['전 8시엔 목욕시키고 재워요.\n밤10시는 안넘기고 재울려고 했어요..\n근데 통잠도 없네요.'], ['육아가 너무 어렵네요ㅎㅎ\n우리 같이 힘내요'], ['15개월 아기 엄마예요. 통잠 잘자는 아기. 라고 딱 정해진 아이는 없는 것 같아요. 돌 이전까지 아기는 엄청 나게 성장하잖아요 이런저런 요인에 의해서 아기는 잘 자는 날도 있고 못자는 날들도 있더라구요.지금까지도 그래요. 수면교육 한다고 잠깐은 성공한것 처럼 보이지만 시간 지나면 또 바뀌고 그래요. 수면교육한다고 마음먹은 엄마만 마음 상하는 것 같아요. 그냥 너무 어린 시기이니 느긋하게 아이의 템포에 맞춰서 가주셔도 될것같아요. 그 시기에 늦게 잔다고 절대 늦게 자는 아이로 자라지 않아요. 물론 수면 패턴이 고정되는 6개월 이후로는 엄마가 잠드는 시간을 어느정도 잡아줘야하지만 아직은 아이 시간에 맞춰주는게 맞는것같아요'], ['현실적인 조언 감사해요\n평균(?) 이라는 틀에 맞추려니 육아가 너무 어렵고 예민해지는거 같아요. 당분간 느긋하게 아이속도에 맞춰야 겠어요. 결과도 안좋았을 뿐더러 이 쪼끔한게 뭘 안다고 이렇게까지 울려야 하나 싶더라고요ㅠ^ㅠ'], ['그냥 애바애인거 같아요. 울애기 낮잠은 안아야지만자고 밤잠도안자고 낮잠도 안자고 계속 고생만시키다가 52일지나고 배위에서 팔베개에서만자서 다들 손탔다했는데 100일전에 다 끊고 누워서 낮잠이고 밤잠이고 잘자요. 같이 누워있음 방긋방긋 웃다 소리지르다(그때쯤 다그래요ㅋ) 지손으로 잇몸마사지하다 쪽쪽이 물고 잡니다. 지금 157일이고 7시전후로자서 새벽에 2~3시경 첫수하고 아침7시에일어나더니 4일전부터 통잠자서 7시전후에 일어나네요.']]",2020.12.17. 02:27,샤워 음악
2,절대안정인데..스트레스지수 10000프로ㅠ,절대안정이여야 한데서. 2인실쓰고 있네요..(다른사람들은 2인실이면 고요하다던데ㅠ)솔직히  이또한 저에겐  부담되는병실값이고요ㅠㅜ27주6일차..입퇴원반복하다  더이상 위험하다고(경부길이0.8  경부벌어짐)아직 갈길이 멀었는데ㅠ해서  일반병원에서  큰병원으로 입원했는데..병실료는 너무 비싼데  ..절대안정..앉아도안되고요ㅠ 샤워도 금지네요. 문제는  옆사람 코골이..미처버릴꺼같은데..잠도 잘자야한다는데  첫날부터  아예못자고...이어폰하고있어도  코고는소리가 납니다..빠른노래 음량을 키워야 안들리고 ㅠ 이틀을 새벽내내빠른노래 음량크게 들으면서 2시간 간신히잤나ㅠ?어제는 9시부터 자더라구요..9시부터  코골이 시작..시끄러운음악듣는것도 너무 스트레스..결국 울음이나더라구요ㅠ 2~3시간을  앉았다누웠다울었네요  너무  너무 미칠꺼같은ㅠㅜ신랑은  1인실로 가라고하지만 1인실 비용이 어디ㅠ​오늘아침 회진돌때  스트레스도 받으면안되고절대 앉지도 말라네요..월요일날  맥수술하기로했는데. 못할수도있다고..조산가능성이 점점커지네요ㅠ돈없는사람은  스트레스도 못받나봅니다ㅠ아기가 위험해질까봐  걱정이네요ㅠㅜ한탄해봅니다ㅠ,"[['병실 바꿔달라 해보세요'], ['그래야할까요ㅠ? 다른병실도 그럴까봐 ㅠ 예민한. 제탓이겠죠ㅠㅠ'], ['2인실이 제일 불편하더라구요.. 다인실이나 1인실이 나으실 것 같아요ㅜㅜ'], ['아 그런가요ㅠ. 다인실은 더많은 사람들때문에. 더 스트레스받을꺼같고. 1인실은 ㅠㅜ 돈이 웬수죠ㅠㅜ'], ['저랑 비슷하네요 ㅠㅠ저는 27주 경부길이짧고 자궁수축으로입원해있는데,  제 옆 베드 출산산모님친구랑 한시간내내 통화하시고, 여기저기전화하시고 보호자분 남편,엄마 같이 떠드느라정신없어요 ㅠㅠ다행이 이분은 오늘 퇴원하셔요안대랑 귀마개가 도움이 되실꺼예요'], ['ㅠㅜ 귀마개로는 안될꺼같아요..이어폰으로 크게틀어놔야 덜 들리더라구요..덕분에. 귀통증도 심하고ㅠ 스트레스때문에. 밥양도 줄어서ㅠ 애기테 미안하기만하네요ㅠ'], ['저도  이어폰사서 유튜브보거나 음악들어요매너없는 사람 하나가 여러명 피해주네요 ㅠ'], ['예민한사람이. 문제인거겠죠?ㅠㅜ 하루하루가. 스트레스라. 힘드네요ㅠ 짱구님도. 스트레스조심하세요ㅠㅜ'], ['말씀 드려서 다른 병실로 바꾸시는게 어떨까요?ㅠㅠ'], ['그러고싶은데ㅠ 바꾸나마나일까바요ㅠ 소변줄도 끼고있어서. 왔다갔다하는것도ㅠㅜ'], ['병실바꾸세요!! ㅜㅜ 하루라도 편히있으셔야죠.. 코골이는 뭐라해도 어쩔수없잖아요 ㅜㅜ'], ['그쵸..잘못은 아닌데 어쩔수 없는건데...제가 피가마르네요ㅠㅠ'], ['상대방이 고치지도 못한다는 의미에요 ㅜㅜ 짧게있으시는거 아니면 빨리 요청하세요 ㅜㅜ'], ['옮겼는데. 거기도그럴까봐 그게 걱정이에요ㅠㅜ'], ['지금보다 더 나빠질까요? 수다 떠는건 컨트롤 되니... 희망적으로 요청해보세요 ㅠㅠ'], ['감사합니다ㅠ 물어봐야겠어요ㅠㅜ'], ['ㅠㅠㅠ 말슴드려서 병실 바꾸는게 어쩔수없이 ㅠㅠ 젤 나을거같아요 ㅠㅠ 어서ㅠ..'], ['그래야겠죠ㅠ 밤낮으로ㅠㅜ'], ['부인과는 아니고 다른과 질병으로 입원할일이 많은데.. 경험살 2인실보다 다인실이 좋아요, 2인실은 또라이 하나 잘못 걸리면 끝인데.. 다인실은 그래도 또라이 하나 있어도 이사람 저사람 눈치 보느라 좀 덜해요..'], ['ㅠㅠ 어떻게해야될지ㅠㅠ 다인실보다 더 힘드네요ㅜ'], ['다인실이 나은거 같애요 ㅠㅠ.. 다인실로 옮기실순 없을까요? ㅠㅠ'], ['아무래도 고위험이라ㅠ 소변줄도 끼고있어서 ㅠㅜ쉬운게없네요ㅠ'], ['소변줄 빼시자마자 옮기는 쪽으로 해봐요 ㅠㅠ.. 스트레스도 받으심 안되구.. 오히려 다인실이 서로 더 조심해서 나을거같애여 ㅜㅜㅜㅜㅜㅜ 안정적인 환경되게 기도하겠습니당!!'], ['감사합니다ㅠㅜ'], ['1인실 아니면 어쩔수 없더라구요 ㅠ 저 6인실 썼는데 진짜 .. 산모들 엄청 코 골고 어떤 보호자는 쩝쩝 난리 ... ㅜㅜ 완전 코골던 산모가 2인실 옮기는거 보고 같은 병실 쓰는 사람 불쌍하다 생각 했어요 ㅜㅠ 진짜 저 종일 에어팟 끼고 있었어요 ㅠㅠㅠ'], ['제가그러네요ㅠ 귀통증까지오네요ㅠㅜ 같은 임산부지만ㅠ 간호사도 어떻하냐고ㅠ\n스트레스가 어느정도여야하는데. 이건 애기잘못될꺼같을정도로ㅠㅜ'], ['귀통증 진짜 격공이요..... ㅜㅜ 전 보호자도 없었었는데 남편이 주말에 오면 ... 옆에 사람 엄청 코 많이 곤다고 걱정하더라구요..  그냥 귀 막고 사는게 최선이에요 ㅜ'], ['저두 애들아빠는애들보느라 못와서 항시 혼자네요ㅠㅜ 이어폰음량도 어지간해선 코고는소리가 다 들려요ㅠ 스트레스너무받으니 혼자 꺼이꺼이 우네요ㅠ애기가 심한태동하고ㅠㅜ 이렇게 큰 스트레스받아도되나. 할정도로ㅠㅜ'], ['저도 그랬어요 ..... 진짜 ㅜㅜ 퇴원한 첫날 집에 와서 하루 종일 잤어요 ㅜㅜ'], ['ㅠㅜ 시간이 너무안가네요ㅠㅜ 벌받는느낌이랄까요ㅠ 정작 옆사람은 잠만잘자고. 보호자랑 아침저녁으로 이것저것먹으며. 수다떠는데ㅠ 절대안정 2인실은 개뿔이네요ㅠㅜ다인실과 차이가없는데.ㅠㅜ'], ['맞아요 ㅜㅜ 퇴원만이 살길이에요. ㅠㅠ'], ['경부길이는 좀 어떠신지요.\n\n저도 10주째 입원중이네요'], ['병실 바꿔달라고 하면 해주셨어요']]",2021.01.30. 08:51,샤워 음악
3,로직프로X 뮤직프로덕션 과정 - 애플공인교육센터 미디런 9월 개강 안내,"홍대 미디런아카데미국내 유일!! 3번의 검증을 완료한, 3배 더 믿을 수 있는 정식 교육 기관!!!​미국 애플 본사 기준을 통과한 "" 애플 공인 교육 센터""미국 아비드 본사 기준을 통과한 "" 아비드 공인 교육 센터""고용 노동부 직업 훈련기관​글 순서 1. 뮤직 프로덕션 과정이 무엇인가2. 초보자가 미디부터 배워야 하는 이유 ( 화성학등 음악적 재능 만으로는 음악 활동이 힘든 이유 )3. 소수정예, 개인 맞춤형 수업, 서울예술대학교 10년이상 출강한 교수 출신 현 작곡가 프로듀서인 원장님 직강!( 등록과 상관없이 상담편하게 하세요. )​​​","[['프로툴즈 아비드 공인교육 자격증 반 개강일정입니다.'], ['스트링편곡법 미디 오케스트레이션 개강일정입니다.'], ['10월 개강일정은 홈페이지에서 확인하실 수 있습니다. "" 등록과 상관없이"" 편하게, 미디작곡, 음향, 레코딩, 편곡 모든 것을 편안하게 물어보세요^^ 감사합니다.']]",2021.09.14. 19:31,샤워 음악
4,공주자연휴양마을 일락산&칠봉산,우선 나눔주신 제레미님께 감사드려요주말 차가 조금 있었지만 출발당시 한시간 40분돌아올땐 한시간 10분으로 시간이 너무 좋았습니다​이래저래 사정으로 방키 4개 가지고 한가족 두방을 썼는데 짐싸고푸르고 저녁시간이 너무 힘들긴했어요​,"[['캬~~~~~~^-^ \n두곳을 1박2일에 다 사용해 보신거네요 😊\n불편한 점은 있었지만 \n두곳의 실내를 누릴수 있는 운이 따라 주었네요 🤗\n무성산도 좋지만 칠봉산,일락산도 좋아 보입니다👍\n'], ['ㅋㅋ 채팅방에 제가 실시간 한풀이하신거 보시게되면 운이라곤 안하실지도요ㅎㅎ\n10인실 열리게되고 계절이 늦봄부터면 강추입니다~^^'], ['호두과자, 어디 휴게소인지 ㅋㅋㅋㅋㅋ맛깔나게 만드네요, ^ㅇ^'], ['밤마을 휴게소라고ㅋㅋ\n밤파이 방팡도르 이런것만 팝니다ㅎ'], ['이사 다니느라 추운데 고생하셨어요 덕분에 칠봉산 구경합니다 ^^'], ['저도 궁금했던 방이라 다음을 기약하고 왔습니다\n날 좋은날 의자에 앉아서 차한잔하면 좋을 뷰네요~^^'], ['옆에 계셨었네요^^ 503호 월성산 예약했다가 싱크대 온수가 안된다고 해서 구축10인실 주겠다는거 거부하고 카르페디엠님이 옮기셔서 저희가족이 호태산에 지냈네요'], ['ㅎㅎ 그러게요\n후기보니 하늘처니님이 이웃이셨네요^^'], ['난방이 다들 난리였군요..저는 백운산에서 온수가 전혀 안나오는데 저녁에 알게되서 말하기도 귀찮고 온수나와도 어차피 방이 추워서 샤워는 못할것 같아 간단히 세수 양치만 찬물로 했어요ㅠ'], ['난방이다보니 옮긴건데 도움이 안되긴했어요\n날이 추우니 난방 온수가 문제가 많았나봐요~'], ['공주산림휴양마을에  난방 문제가 있나봐요~이곳저곳~ 겨울철 따뜻한방에 뜨거운 물은 기본일건데요...'], ['그러게요\n추워서 그렇다고는 하시는데 여기저기 문제가 있었네요'], ['일락산은 지내시기에 따뜻하셨나요? 담주에 2박예정인데 걱정되네요ㅜㅠ 담주에 날씨 좀 풀린다고 하긴하는데...ㅠㅠ'], ['이층 보일러 이상이라서 아마 고치실거예요~'], ['와~~집합금지 풀리면 가고보픈  10인실이네요. 발코니에서 느긋하게 차도 마시고 돗자리펴고 누워 별도 볼수있는날을 기다립니다.'], ['날 따뜻해질때 가시면 좋을거예요~^^'], ['10인실을 계속 비워두니요즘 한파에 동파 걱정이 되서업글이라는 명목하에 입실 시켰나봐요.그래도 입실을 받으려면난방은 올려놓은 상태에서 받으셔야지공주에서 잘못하셨네;;;이래저래 방 옮겨다니시느라 고생하셨네요.'], ['원래 방 2층이 난방 고장났던건데\n10인실이 그리 추울줄 몰랐어요\n당분간 아무데도 안간대요, 신랑이ㅜㅜ 망했어요^^;;;;'], ['저도 제레미님 나눔 받아 갔는데, 제레미님이 여러명 공주 보내셨네요 ㅎㅎㅎ'], ['ㅎㅎ 제레미님 손이 금손이네요~^^'], ['지난주는 온수 잘 나왔는데 \n고생많으셨네요ㅠㅠ\n그래도 좋은 추억일삼아 한주 화이팅입니다~!^^'], ['저는 온수는 잘 나왔어요\n복층 난방이 안되서 이사했는데 그방이 더 복병이었네요ㅎ\n그래도 돌아가는길 다시 오자하는  말이 나오는걸보니 매력적인 곳이죠~^^']]",2021.01.10. 16:23,샤워 음악
5,행복마을 셔블 한옥펜션[Happy Village Syeobul Hanok Pension],SCORE : 87.44,[],2021.05.01. 15:39,샤워 음악
6,역대급 진상ㅋㅋㅋㅋㅋㅋㅋ,저 지금까지 캠핑다니면서 글 올릴정도로 비매너는 2번정도 겪었다고 비매너 무섭다는 캠린분 글에 생각보다 많지않고 좀만 여유를 가지면 진상은 그닥 없다고 댓글 달았는데요어제 1박2일로 바닷가 캠핑장 왔거든요바닷가고 원래 여긴 매너타임 없단 소리 듣고 왔고저희도 어제 11시까지 놀다가 잤어요11시까지 근처 사이트중 자는 분들 단 한분도 없고 ㅋㅋㅋㅋ다 놀다판이였거든요근데 이것도 나름 재밋는거예요 ㅋㅋㅋ 그래서 아 가끔 1박2일로 이런캠도 와볼만하다 그리고 다 같이 그러니까모든게 용서되고 뭐 그랬어요 ㅋㅋㅋ 여긴 그럴려고 오는데니까요 ㅋㅋ근데 어제 저녁 8시쯤 오신 대각선 앞 사이트 ㅋ남자4~5명에 아줌마 2명 오셔가지고 다들 친구같던데진짜 역대급 ㅋ제가 잠을 새벽2시에 잤는데 정확한건 그때까지 술마시고 고성방가에 음악을 떠나가라 켰어요 근데 소름돋게 새벽5시에 너무 시끄러워서 깻어요 ㅋㅋㅋㅋㅋㅋㅋ야 이 ㅅ벌럼 으캬캬캬캬 이놈  미ㅊ놈이야 으캬캬캬그리고 어떤 한놈은 무슨 시조 읊듯이하늘이 밝았느니 어서들 일어나라~어여들 마시자 살날이 얼마없다~이거 진짜 제가 동영상이라도 찍어서 들려드리고 싶은데 ㅋㅋㅋㅋ 무슨 웅변대회장에서 저희 텐트치고 잔 줄요 ㅋㅋㅋㅋ 동네 사람 다 깨우고 싶었나봐요 ㅋㅋㅋ그시간까지 50대 아재3명이서 살아남았더라구요그리고 지금 6시 30분 지금까지도 음악은 켜져 있습니다음악이 작기라도 하면 음악을 너무 사랑하시나보다 하겠는데 음악소리도 큰데 본인의 18번인지 따라불러요나를봐~ 이렇게 곁에 있어도 널 갖지이~~~ 못하~~~잖아아아~~~~~그리고 제가 깨서 앉아서 그 사이트 지켜보고 있는데그래도 눈치는 좀 보이는지 지들끼리 저 쳐다보고 수근슈근대면서 셋이서 ㄷㅂ처 피구요 또 무슨 해장한다면서 야 참치찾아 참치야 쌈장만 넣으면 다 맛있어 야 임마 햐~저새ㄲ는 어쩌구 저쩌구 하면서해장국인지 찌갠지 끓이는데한분 뭐 씻으러 보내더니 두분은 텐트 들어가고한분은 재료 씻고오니 아무도 없으니까 이름부르면서 야 임마 어디갔어 야~~~누구야~~~~ 하다가 아무도 없으니까 이제서야 좀 정신이 들고 제가 쳐다보는게 많이 부담스러웠나 등돌리고 술드시네요 ㅋㅋㅋㅋㅋㅋ어떻게 복수할까요진짜 지금 꽹과리라도 구해다가 사물놀이판 벌이고 싶은데다른분들도 다 같이 피해입을까봐 참고있습니다 ㅋ,"[['이렇게 관리 전혀 안하는곳은  캠핑장 실명공개 하는게 좋을것같아요. 전 매너타임 관리안하는곳은 안갑니다'], ['여긴 원래 이런데래요 ㅋㅋ 저희도 알고왔고 하루 놀려고 온건데 저분들은 진짜 어지간하네요 ㅋㅋㅋㅋㅋ'], ['hoxy 대부도 ㄴㄹ인가욬ㅋㅋㅋㅋ..'], ['대천이예옄ㅋㅋㅋ'], ['차번호판 기억 해두시고음주운전 으로 신고 하세요 ㅋㅋ'], ['어머 굿 ㅋㅋㅋㅋㅋ 근데 차를 근처에 대는 캠장이 아니라서요 그래도 나갈때 자세히 봐야겠네요 112에 신고하문 되나용 ㅋㅋ'], ['네.차안에서 번호판 찍으시고 112에 보내세요  ㅋㅋ아마 출동 할겁니다.일요이라 쉰다고 하진 안겠죠ㅋ'], ['신고...꼭하셨음  좋겠당 ㅋ'], ['여기가 차를 근처에 댈 수 있는곳이 아니라 신고 못했숴용 ㅋㅋㅋㅋ 근데 8시~9시 되니까 너무 더워서(그늘막텐트만 침 타프x) 괴로워하시고 8시부터 저희애덜들이 깨가지고 강아지랑 뛰어다니고 특히 그집 옆에서 시끄럽게 했는데 그냥 놔두고 저도 9시부터 블루투스 스피커로(그집은 핸드폰으로) 노래 크게 틀었습니다 ㅋㅋㅋㅋㅋ'], ['실감나는 설명에 총체적난국이 예상되는 공감백배 ..부글부글 끓어오른  이 기분..헐이네요 진짜ㅠ'], ['어떻게든 작게든 크게든 복수하겠슴다 ㅋㅋㅋ'], ['와우 이이른시간까지 대단들 하시네요.  진짜..'], ['체력짱 옵빠들이엿어요'], ['서태지와아이들의 하여가  에서 꽹과리부분이 있을겁니다 반복재생하세요~'], ['ㅋㅋㅋㅋㅋㅋㅋㅋㅋㅋㅋㅋㅋㅋㅋㅋㅋㅋㅋㅋㅋㅋㅋㅋㅋㅋ 태지오빠 ㅋㅋㅋㅋㅋㅋㅋ'], ['더조은스님 진짜 하여가 ㅋㅋㅋㅋㅋㅋㅋ넘 재밋어요 ㅋㅋ 하여가 틀뻔 했잖아요 ㅋㅋㅋㅋㅋㅋㅋ'], ['어딘지 슬며시 쪽지주세요. 다다음주가는곳이 거기가 아니길ㅠㅠ'], ['대천이예요 ㅋㅋㅋㅋ 근데 이분들 빼곤 12시 지나니까 거의 다 자러 들어가셨었어요 ㅋㅋㅋㅋ'], ['반야심경 틀어서 마음좀 추스리면서 볼륨업업하세요'], ['반야심경 정말 틀구싶더라구요 ㅋㅋㅋㅋㅋ 일행이 깨자마자 큰소리로 하 진짜 시끄러워서 잠 한숨도 못잤다고 옆집 사이트에서 담배피고 노래틀고 언닌 잠 좀 잤냐고 일행도 잠 못잤다고 하고 저도 하 진짜 정신나간거 아니냐고 큰소리로 떠들었슴다 ㅋㅋ'], ['ㅋㅋㅋㅋㅋㅋㅋㅋㅋㅋㅋㅋㅋㅋㅋㅋㅋㅋ글을 너무 재밌게 ㅋㅋㅋㅋㅋㅋㅋㅋㅋㅋㅋ'], ['지나고 나니 추억이네요 ㅋㅋㅋㅋㅋㅋㅋ'], ['바닷가 쪽은 다 그런가봐요. 12시까지 대부분 안자고 놀자 판이라 저희도 놀았는데 새벽 2시경까지 웃고 떠들고 5시에 씨끄러워서 깼는데 이젠 다른 집이 6시에 깨서 아이는 RC카 조종하고 까마귀는 지져대고 잠이 확~~ ㅠ 악 이젠 공차네요 7시인데 ~~ 부모는 방관모드'], ['너무 웃껴요. 제가 그자리에 있는거 같이 설명해주셔서 ㅋ'], ['222 그자리에 있는듯해요 ㄲㄲ그분들 너무하네요~ㅠ밤새..그런분들 걸리면 넘괴로울듯요....'], ['오늘새벽이죠 제 옆사이트 앞사이트 12시까지 술먹다가 새벽 1시에 개수대에서 우당탕땅 씻고 샤워하고 개판이였네요오늘 그쪽보고 공회전 겁나 시켜야겠습니더미친개는 건들면 무니 조심합시당ㅋㅋㅋ'], ['ㅋㄱㄱㅋ글읽는데 현장에있는거겉네요ㅋㄱ ㅋ어이없어서 웃기네요 개저씨 개줌마ㅋㄱㅋ'], ['인생을 잘 못 배우셨네요ㅡㅡ;;'], ['텐트에 침 뱉어 버리세요'], ['체력들도 좋으시군요'], ['글만 읽어도 눈앞에 장면이 그려지며 음성지원ㅎㅎㅎ'], ['밤새 시끄러우셔서 속상하실텐데...저는. 꽹과리, 사물놀이에 그만 빵 터집니다.ㅋㅋㅋ죄송합니다..'], ['어후 이런거보면 애들데리고 캠다니기 겁나요 ㅠㅠ 좋은거만 보여주고 들려주고싶은데..\n고생하셧어요..'], ['나오실때 한 마디 하세요\n이노므 시키들이!\n더불어 사는 세상에!\n'], ['와....이 생생함....역대급이네요!!! 저도 난민캠갓엇는데 그래듀 새벽엔 안그랫는데...ㅎㄷㄷㄷㄷ입니다'], ['정답 뱅크의 가질수 없는 너'], ['ㅋㅋㅋㅋㅋㅋㅋㅋㅋㅋㅋㅋㅋㅋㅋㅋㅋㅋㅋㅋㅋ뭔가 아는가사인데 생각이안나서 답답했는데 감사합니다'], ['댓글 중 음주운전 신고 !! 완전 좋네요~\n아침에도 술마셨으면.....오늘 철수 하면  빼박 아닌가요~\n\n근데 글 진짜  생생하게 잘 쓰시네요ㅎㅎ'], ['힘드셨겠어요.거기에 제가 있는것처럼 리얼하게 글쓰셔서 완전 공감되네요. 쌩뚱맞게~갑자기 든생각.그 아저씨들 체력 대단하네요.전 요즘 10시만 넘어가도 눈이 감기던뎅'], ['매너타임이 없다고해서 비매너로 굴어도 된다는건 아닌거같은데....ㅠㅠㅠㅠ'], ['글이 너무 재밋어서. 정독했네요~ 현장감최고!!! 그 아저씨들 입장에선 아쥬 행복한 하루였겠어요 ㅋㅋㅋ 자 이제 주무실테니 복수의 서막을!!'], ['저도 작년에 매너타임 없는 바닷가 캠핑장 갔다가 온갖 진상 다 겪고 다신 바닷가로 캠핑 안 간다고 다짐했었어요ㅋㅋㅋㅋㅋ 제재를 안 하니 끝도 없이 진상짓...'], [""바다근처중 이런곳 의외로 많아서 저도 종종 찾아가요~~ 아이들도 늦게까지 놀고 싶어하고 해서 . 그래서 자리를 잘잡아야하더라구요. 진심 중년불들에 술매너 담배매너..담배는아이들때문에 힘들어서 얘기하니 그때부터 음악을 그것도 안아울리는 클레식을ㅋㅋㅋㅋ음식도 기분나쁘게 겁나 잘 챙겨드심..'먹고싶게...'ㅋㅋㅋㅋ사실 매너타임만있는캠장만있어도 전 힘들다봐요~  그냥 그런곳은 안가면  되는것같고  저처럼 한번씩 그리울때가서 놀다오는것도 좋더라구요 아이들도 친구들이랑 밤늦게까지 놀수있어서 좋아들하구요""], ['오와.. 그 체력은 무지하게 부럽습니다!!! 안쓰더라고 갖고싶네요....ㅋㅋㅋㅋㅋ 고생하셨습니다~~~ 당분간은 매너타임 캠장으로 힐링하러 가셔야겠어요~ㅎㅎ'], ['아부지가 10년전부터 다니던 캠장이있는데\n저랑 함께두사이트잡고갔다가..\n저희도 저녁 7시?8시?도착해서 후딱치고 잤거든요.\n밤10시쯤오셔서 팩박으시길래 저분들도 일끝나고오셨구나 안타까워?했어요. 그때까지만해도..\n\n다끝나고 스피커를 울리더라구요?\n뭔가막해먹더라구요?\n(아..저녁도못드시고왔구나. 드시고주무시겠지..)\n술파티가벌어졌어요.  우리옆텐트 남자분이 한숨쉬고 욕도한마디했는데 그쪽 어른남자들과 아들남자들은(다큰아들이었음)안들리시나봐요.\n새벽 5시? 6시?까지 노래계속틀고 먹고 자려고 씻고오고 하더라구요.\n즤집 7시기상. 보통 아이들 8시까지 텐트안에두는데 나가게 냅뒀어요.\n아저씨가 째려보대요. 같이 쳐다봐줌^^\n사실 새벽 3~4시쯤 나가서 한소리하고싶었는데 술취한사람들이고  내가나서면 울아빠가 뛰쳐나와서 큰싸움될까봐 꾹꾹참았네요.  우리집아이, 옆사이트아이 모두함께 달그락거리며 아침해먹고 아이들 맘껏놀게해줬답니다^-------^'], ['집에 오는길에 차안에서 입벌리고 기절했습니다 ㅋ']]",2021.06.27. 06:33,샤워 음악
7,호텔체인들의 격전지 홍대 호텔 4곳 후기입니다.,"불과 10~15년전만 하더라도 홍대는 문화의 거리, 예술인의 거리 느낌의 소박하지만 트랜디한 감성과 젊은 열정이 있는 동네였던걸로 기억되는데요. 요즘의 홍대주변의 모습은 더욱 거대해지고 화려한 모습으로 탈바꿈된 모습입니다. 청기와 주유소가 있던 곳 주변은 이제 대형호텔체인들의 격전지로 바뀌었는데요. 작년과 올해초에 걸쳐 방문했던 홍대의 4개 호텔에서의 경험을 간략하나마 올립니다. 모두 기본룸 혹은 그 윗등급 룸이었는데 평수의 차이는 없는 가장 작은 방들이었을 것 같아요. (기억이.. )​1. 머큐어 앰버서더 홍대","[['지방 내려오고 나서 몇년 만에 홍대 가보고 놀랐네요. 호텔이 우뚝우뚝 솟아있는 광경이 정말 신기했어요 이리 변하는구나 하고요…'], ['그러게 말입니다. 2,30대시절 홍대클럽 다니며 자유를 만끽하던 인디감성이 엇그제 같은데.. 참 많은게 변하는군요~'], ['ㅋㅋ 저도 홍대에서 자유를 만끽했었는데 세월이 참 ;;; 스카, 흐지부지, 명월관, FF, nb 등등 갑자기 이름이 막 떠오르네요. 음악 틀어주는 모토 많이 갔었는데 작년에 가보니 없어졌드라구요 😭'], ['와우.. 스카에서 sublime의 santeria를 들으며 둠칫둠칫 어깨춤추던 그때가 지금도 기억에 선합니다. 만원한장으로 손목에 띠두르고 클럽들 순회하던 때가 그립군요ㅜㅜ'], ['ㅋㅋㅋ 너무 반가워요!! 스카를 아시는 분이 계시다니 @.@ 전 신청곡으로 브릿팝 많이 요청했었답니다. 자주 가서 심지어 저는 스카 사장님도 알았다는 ^^; ㅋㅋ (민망민망)'], ['😆 젊었을때야 다 불사르며 노는거 아니겠습니까? 저도 튀어보겠다고 빨간 목장갑 끼고 푸쳐핸섭하던 기억이..ㅎ 비슷한 감성을 공유한 세대를 뵈오니 저도 반갑네요~~'], ['그쵸^^ 젊을 때 다 그런 추억들 하나쯤은 있는거죠~😅😅'], ['손목에 띠두르고 FF 가던때가 그립네요 ㅋㅋ'], ['홍대는 청바지사거나 클럽갈때나 갔던곳인데; 지금 많이변했나보죠?요새계속 홍대얘기가 들리네요'], ['한때 유흥가의 중심이었던 명동이나 종로가 저물고 이제는 홍대나 건대가 거대상권으로 변모한 모양새인것 같습니다. 물론 종로는 익선동, 명동은 힙지로로 명맥을 유지하고 있기는 하지만요.'], ['명동은 정말. ..한숨나오더라고요 지하상가문은 다닫히고 개미한마리 없더군요'], ['코로나 시국이 겹치다보니 더더욱 악재에 시달리실것 같습니다. 성실히 자영업 하시는 분들 다들 기운내셨으면 좋겠네요.'], ['저두 명동 거리 가보면 암울한 느낌이 들더라구요 명동교자를 줄 안서고 먹어 좋긴 하지만, 한편으론 이렇게 경제가 안좋아서 어떻게 하나 라는 생각이 들었어요'], ['변화에 놀랬습니다.'], ['그러게 말입니다. 이제는 홍대 주변을 넘어 연남동과 상수,대흥,합정 등지로까지 영역이 넓어지고 있더라고요.'], ['와 요즘 홍대 안간지 오래되었는데 이렇군요 궁금해서 가보고싶네요 \n-엔비와 삼거리 포차 시대의 30대 아줌니가ㅋㅋㅋ'], ['30대때 엔비 갔다가 슬리퍼 신었다고 입장 까였던 기억이 나는군요. 저는 정말 슬리퍼 때문이었을거라 믿고 있습니다. 흠 흠~'], ['네 군데 중엔 어디가 가장 좋으셨나용'], ['음.. 전 네군데 다 괜찮았는데 굳이 우열을 가리자면 라이즈=L7>머큐어=홀리데이인으로 하겠습니다. 제 개인적인 느낌이니 참고만 해주세요~'], ['좋은 정보 감사합니다. 라이즈만 가봤고, 저도 변한 홍대에 깜짝놀랐었어요.'], ['그러게 말입니다. 홍대만의 유니크한 감성에 첨단이 조화를 이룬 곳으로 거듭난것 같아요.'], ['홍대 입구역 근처는 분위기가 달라졌겠습니다~~  한번 나가봐야겠는데요'], ['네 예전엔 젊은이들만의 공간이었다면, 요즘은 여러 플래그십 스토어들도 생기고 주변 연트럴파크도 잘 꾸며져있더군요. 가족단위로 볼거리 놀거리도 많아진 느낌입니다. 코로나 잠잠해지면 나들이 한번 가보세요~'], ['성수쪽에도 호텔하나 들어와줫으면 싶어요 ㅎ̌̈'], ['제말이요ㅎ 부영호텔 건립중이던데 잘 되어서 다른 호텔들도 속속 들어서줬으면 좋겠습니다~'], ['라이즈 저도 정말 좋아해요 직원분들도 친절하고 조식도 맛있고 객실도 넓어서 전망 별로여도 자주 방문하게 되네요'], ['답글 늦었습니다. 라이즈는 개성 강한 홍대 호텔들 중에서도 특히 인상적이지요. 전망은 뭐..ㅎ'], ['L7과 머큐어 둘 중 어느것이 나을까요? 방은 깨끗한가요? 침대는 편안하진 궁금해요 제가 허리가 안 좋아서요.'], ['두 호텔 모두 방이 크지는 않지만 다 객실은 깨끗했던것 같아요. 전 침구류에 크게 민감하지는 않은데.. L7묵은 다른 친구가 베딩 별로지 않았냐고 얘기하긴 하더라고요.']]",2021.08.29. 18:15,샤워 음악
8,테라스 품은 아파트 '구미IC 광신프로그레스',"요약​구미IC 광신프로그레스​1. 단지 구성은 지하2층~지상 29층 총 7개동 13가지 타입의 구조2. 테라스 특화설계(일부세대 적용)로 세대별 다양한 라이프 스타일에 맞춰 다양한 연출이 가능한 테라스가 적용3. 전 세대 남향 위주 배치로 조망권과 일조권이 뛰어나도록 설계4. 구미IC가 현장 바로 앞에 위치해 이용이 편리하며, 종합터미널, 구미중앙로, 야은로를 통한 구미 시내 외 진출입이 편리하다. 또한 북구미 하이패스IC가 2021년 10월 준공 예정으로 차후 교통 환경은 더욱 개선될 것으로 보인다.​​​​",[],2021.01.05. 01:26,샤워 음악
9,음악을 언제 어떻게들 들으시는지 궁금합니다,"기타를 친다고하기에, 음악을 한다고 하기엔 음악을 너무 안들어서 음악 듣는 습관부터 좀 바꿔야 할 듯 싶습니다예전에 게임을 많이 할땐 게임하면서 음악을 틀어놓고 듣는 경우가 굉장히 많았지만 지금은 게임을 전혀 안하고 있어 그마저도 듣지 않는 상황이 되어버렸습니다 음악을 잘 안듣게 되어서 연습은 더더욱 소홀히 하게 되는건 당연한 일이 되었지요...​요즘 음악을 많이 듣는 상황은 운전을 할때인 것 같습니다 운전하면서 누군가와 대화를 할 상황이 아니면 차 안에선 항상 음악을 듣는 것 같습니다 이마저도 음악을 너무 안들어서 이렇게라도 듣자 하고 차에 타면 음악을 켭니다 그치만 차로 이동하는 시간이라고 해봐야 아침 저녁 출퇴근 시간인데 시간 합쳐봐야 꼴랑 1시간 10~20분 정도밖에 안됩니다 일터에선 듣고 싶은 음악을 마음껏 들을 수 있는 환경이 아니다보니 음악을 못 듣구요​퇴근하고 집에 와서 컴퓨터를 켜면 유튜브 영상 시청하면서 뻘짓하다보면 음악을 듣질 않게 됩니다 어찌저찌 어영부영 컴퓨터로 헛짓하다보면 시간이 후루룩 지나가버리네요 기타를 잘 치려면 음악을 정말 많이 들어야한다는 이야기를 수도 없이 들어왔지만 음악듣는 시간은 예전에비해 턱없이 모자란 상황이되었습니다 그리고 1주일에 한번 교회로 합주 연습을 하러갈때 음악을 쫌 듣고 가는 수준입니다 곡을 카피하기 위해 음악을 듣는 시간을 빼고 보통 언제 언제 음악을들으시는지 궁금합니다 ​시간을 내서 음악을 듣기 위해 스피커 앞에 앉아계시는 분도 계실테고 음악을 켜놓고 독서를 하며 음악을 듣는 분도계시겠죠 또  운동을 하면서 음악을 듣는 분도 계실테구요 일단 식사하면서는 영화라던지 유튜브를 켜놓는 편인데 음악을 듣는 쪽으로 습관을 바꿔봐야 할 듯 합니다 개인만의 음악을 듣는 방법에 대해 편하게 답변 주시면 감사하겠습니다​","[['실내자전거탈때, 머리감거나 샤워할때, \n안마의자앉을때..등등'], ['씻을때도 들어야겠네요 ㅎㅎㅎ 답변 감사합니다'], ['예전에 래슨 받을때 쌤이 하셨던 말씀이, 아마 생각보다 음악을 집중해서 듣는 시간이 없을거라고 하더라구요....악기를 하겠다면 무언가를 하면서 듣기 보다는 음악을 집중해서 사소한 부분까지 신경쓰면서 듣는 시간이 필요하다고 하시더라구요~'], ['음악을 집중해서 듣는 시간이 많이 필요하겠네요 이런 이야기는 많이들으란 얘기보단 많이 못들어본 것 같습니다. 정말 중요한 이야기 같아요 집중해서 들어볼 수 있는 시간을 많이 가져라 . . . 명심하겠습니다 중요한 말씀 감사합니다'], ['저도 출퇴근할때, 일할때 가장 많이 듣고 가끔씩 자기전에 누워서 음질좋은 헤드폰으로 듣거나 평일 낮이나 주말낮엔 스피커로 아무것도안하고 음악만 듣습니다'], ['집에와서 쉴때 가만히 앉아서 음악만 듣는 시간을 좀 많이 가져봐야할 것 같습니다 가만히 아무것도 안하니 뭐가 되는 것 같지가 않네요 ; ; ; 음악을 들어야 기타도 쳐질텐데 음악을 안들으니 기타를 칠 생각은 더더욱 안하게 되는 것 같습니다'], ['하루의 시작과 끝을 이어폰과 함께 합니다'], ['정말 바람직한 뮤지션의 자세로 살아가고 계시군요 정말 본 받겠습니다!'], ['그냥 음악을 좋아할뿐입니다 \n음악없으면 안되는 1인 입니다'], ['펜더병자 입니다 ㅠㅠ 펜더병에 걸렸어요 \n펜더 사고 싶은 1인 입니다'], ['바람직한 뮤지션이 아니라 진정한 뮤지션이시네요 ㄷㄷㄷ'], ['곧 좋은 펜더를 영입하시게 되었으면 좋겠습니다 저도 펜더 갖고 싶네요 ㅎㅎㅎ'], ['출퇴근 할 때 외근 나갈 때...\n이래저래 밖에서 움직일 때는 계속 듣는거 같네요'], ['저도 그런 시간을 항상 가져야할 듯 합니다 말씀 감사합니다!'], ['음악은 항시 합니다. 다만 집중해서 들을 시간이 부족하죠~......'], ['음악과 항상 함께하는 습관을 만들어나가야겠네요 듣는 습관이 잘못되서 연습량이 안나오는 거 같습니다 집중해서 듣는 시간을 많이 가질 수 있도록 노력해야겠습니다 말씀 감사드립니다'], ['저는 출퇴근할때, 이동할 때, 산책할 때요. 저도 밖에서 움직일땐 계속 듣고 있네요. \n그리고 주말에 집에서 쉴 때요.'], ['저는 쉴때 아무것도 안듣고 그냥 가만히만 있는데 절대 그러지 말아야겠습니다 그런 시간들을 더 잘 활용해야겠습니다 답변 감사합니다'], ['역시 출퇴근 운전 할때. 아이들과 보드게임 등 놀아주면서. 아이들 자면 책보면서. 가끔 산책하먄서 이네요~'], ['아이들도 음악 많이 듣고 정말 좋을것 같네요 ㅎㅎㅎ 너무 늦은 밤이 아니라면 혼자 산책시에도 음악을 꼭 들어야겠네요 감사합니다'], ['집에 있는 시간은 식탁에 라디오를 늘 켜둡니다. 혼자 사무실에 있을 때는 컴으로 듣고요. 그외에는 차에서 듣습니다. 미니기기나 휴대기기로는 전혀 듣지 않습니다.'], ['그러시군요 식사때도 음악을 듣는 습관으로 바꿔야겠습니다 답변 감사드립니다!'], ['아무래도 출퇴근할때와 컴퓨터 할때 음악을 많이 듣습니다~ 차에서도 듣긴하는데 선택권이 애들한테 있어요 ㅎㅎ'], ['그렇군요 ㅎㅎㅎ 아이들 때문에라도 요즘 음악도 많이 접하시게 되겠네요'], ['주로 출퇴근 시간입니다 편도 1시간 정도라 이것저것 들을 시간이 많습니다'], ['출퇴근 시간은 확실히 활용해야겠습니다ㅎㅎㅎ 집에서도 집중해서 듣는 시간을 많이 늘려야겠어요'], ['자면서 듣습니다 ㅋㅋㅋ'], ['어젯밤 크게는 못 틀고 작게 틀어놓고 잠잤네요 ㅎㅎㅎ 자기전에도 음악을 들어야겠습니다']]",2021.07.17. 21:57,샤워 음악
