title,date,content
에어팟 3의 세일즈 포인트 [1],2021-11-15 15:04:17,"직접 알앤디한 새 대구경 DD & 앰프
- dc official App"
불량하자품 김재앙군의 군대반품기 ㅋㅋㄷㄷ,2021-11-15 15:03:58,"직접 알앤디한 새 대구경 DD & 앰프
- dc official App"
크랙모낰으입갤ㄷㄷ [1],2021-11-15 15:03:00,"후후
- dc official App"
김재앙군은 음질이 아니라 삶의 질이나 신경 쓸 입장인 후후 [4],2021-11-15 15:02:58,안떨궛는데 크랙생긴거냗;
야 너 에어팟 & 번들쓰냐? ㅋㅋ 음질에 신경 좀 써라 내가 쓰는건,2021-11-15 15:00:16,"ㅋㅋㄷㄷ
- dc official App"
김재앙군이 공익보단 낫니 마니 하는 것부터 글러먹은 후후,2021-11-15 14:58:14,"중국에서 3년전에 설립된 수월우 & 타이오디오지 ㅋㅋ

est & ba 파워로 음질 해상도가 다르다구

지금 생각해보면

ㄹㅇ 개미친저능아
- dc official App"
이어폰에 뭐가좋다 뭐가좋다 따지는거부터 글러먹었음 [1],2021-11-15 14:57:20,"반품 ㅋㅋㄷㄷ
- dc official App"
화노 뇌이징 완료,2021-11-15 14:57:13,"기본은 하고 편안하면 음악 즐기는데 문제는 없다
멋대로 거기서 줏대를 부리면 요상한 기준이 생기고
그러면 질감의 문제로 산폐물을 찾게 되고 ㅋㅋ
- dc official App"
er4xr의 완벽한 상위호환 격인 이어폰 있어..? [13],2021-11-15 14:56:42,"이제 잘 안들림
악으로 깡으로 버텨라 ㅋㅋ
- dc official App"
HD800S가 EDM 머신인 이유 ㅋㅋㄷㄷ [1],2021-11-15 14:56:05,"막 톤벨 df-neutral로 유지되면서

해상도라던가 공간감 같은게 더 뛰어난.."
오랜만에 흐드팔스로 EDM 들어봄 [10],2021-11-15 14:52:48,"EDM의 부스팅된 저역을 플랫하게 내려줘서 ㅋㅋㄷㄷ
- dc official App"
걍 지 말에만 이어서 하는거네ㅋㅋㅋㅋ,2021-11-15 14:51:59,"https://tidal.com/browse/album/176410377

요 앨범 마지막 곡 방금 추천받아서 듣는데, 예전 기억보다 훨 좋게 들리네; 굵은 동선 커케 말고 얇은 은도금 동선 기케로 듣는게 EDM 듣기엔 훨 낫긴 한거 같다."
끝말잇기 ㅋㅋㅋ 이제 지들끼리 아무말 대잔치 중 ㅋㅋㅋㅋ,2021-11-15 14:49:42,ㅋㅋ
QC35 호환 패드 왔네 [4],2021-11-15 14:48:47,존나 웃기네 ㅋㅋㅋ 광기 그자체
차이파이 대장이라는 선족파이맨은 하자품 도매의 달인 후후,2021-11-15 14:47:24,"순정패드랑 촉감이나 크기는 완전히 똑같네 ㄷㄷ


싸다"
좀이따 수술드간다 [19],2021-11-15 14:46:54,"ㅋㅋㄷㄷ
- dc official App"
나이키 데이브레이크 볼때마다 다 예쁜데 [1],2021-11-15 14:46:34,개떨려시발
댁앰프 산거 오고있다 tk2 [7],2021-11-15 14:46:12,"왜 사고나면 죨라 싸구려같지 ㅅㅂ
알고도 매번낚임"
꼭 차이파이같은거 좋다고 사는놈들이 박사님 내려치더라,2021-11-15 14:44:43,"저번에 이헤갤와서 dac 꼬다리살바에 차라리 Tri tk2 이게낫다고 그래서 24만대 주고 진짜샀음요
이제 헤드폰만 고르면됨

아참 이거 6.32vrms 이렇게 계산하는거맞음?"
마구백 마구천 마구만 골라라,2021-11-15 14:41:50,"ㅋㅋㄷㄷ
- dc official App"
사캣 끝말잇기 무나 개웃기네 ㅋㅋㅋ [6],2021-11-15 14:39:13,너네들이 승자다
음 모더나 2차맞았는데 저녁에 얼마나 아플라나 [2],2021-11-15 14:38:25,"한명이 몇시간째 쓰는중

존나 간절하노 ㅋㅋ"
m50x - 560s 가면 옆그레이드임? [1],2021-11-15 14:38:15,얀센-모더나라 ㄹㅇ줫나게 아플예정인데
쿼드비트보다 디자인 개좆구리네 저런걸 사누,2021-11-15 14:36:17,"별로 차이 안 날거 같은데;;

플랫형 좀 심심한데 영화볼 때 재밌는 헤드폰 없음?"
마구백 장점이 뭐야 [2],2021-11-15 14:36:14,시발 작작해라 지금은 2021년이다
엘번들 음감 팁.....ㄹㅇ [9],2021-11-15 14:35:38,"ㅇㅇ

고전 명기임? 그냥 영화감상용으로 나온거라며 ㅋㅋㅋ"
lg번들 vs 뉴하나+dac [1],2021-11-15 14:35:22,팁을 좋은거 끼면 소리가 괜찮아짐
박사님 헤드폰 나오면 여기 병신들 다 버로우 할텐데,2021-11-15 14:32:00,뭐가 낫냐
음린이들에게 충고 하나 할게. [1],2021-11-15 14:31:06,진자 이헤갤 반은 없어진다는말임
메제 새로운 밀폐형 헤드폰 발표 '리릭(Liric)' [7],2021-11-15 14:30:10,음향기기 경험 없는 사람들은 아직 고가형과 저가형의 차이가 무엇인지 어떤 소리가 좋은건지 아직 기준이 없기 때문에 많이 들어보면 알게됨.
베이어다이나믹은 잘하는장르가 잇긴한거냐 ; [2],2021-11-15 14:29:21,"가격은 2천달러
소리는 과연?"
200만원 언저리 헤드폰 추천좀 [15],2021-11-15 14:26:33,"이런거 감당대냐?
- dc official App"
박사님 디락이 얼만데 마구백따위에 돈을 태우는지 후후,2021-11-15 14:26:22,"이런거 감당대냐?
- dc official App"
저렇게 몰갤같은 돈많은 놈이나 저런거 사지 [2],2021-11-15 14:25:14,"2~3시간 써도 머리나 목 귀 안아픈걸로 (중요)

오픈형 밀폐형 안 가리긴 하는데 거의 인도어용이고

음악 취향은 신스웨이브, 재즈, 뉴웨이브, EDM, 등등

현대 음악위주로 듣는 편임

걍 헤드폰 하나 비싼거 사서 올라운더 (게임 영화 음감)로 쓰려고함

혹쉬 추천 가능..?"
헬번들 왜 이제서야 이슈대는거냐 [8],2021-11-15 14:24:30,"후장팔이라 괄약근 벌어지듯 지갑에서 돈이 새는법 ㅋㅋㄷㄷ
- dc official App"
Pan_cake 최준서양 빌런 왔네 [1],2021-11-15 14:24:21,마구백에 40을 태워??? 바께 나가면 총살감이다 명심하도록
pc에서 쓸 50만원 미만 헤드폰 추천좀 [4],2021-11-15 14:23:42,나도 내가 징징거리고 눈꼴시려운건 알고 있는데 이거 내가 3개월 전에 가성비 킹인거 같다 꽤 쓸만하다 그럴땐 아무도 댓글 안 달아줬었는데....
중고제품 쓰면 체질이 루리웹회원으로 바뀐다더라 ㅋㅋㄷㄷ,2021-11-15 14:22:50,ㅋㅋ
t1 2세대 hd800s 장단점좀 [17],2021-11-15 14:22:44,ㅋㅋ
LG번들이 제미니보다 좋음? [2],2021-11-15 14:22:18,추촌해조
소니에서 마구천 나오려다 실패한거 아노?,2021-11-15 14:21:46,"후후
- dc official App"
마구백따위는 이미 이어폰에 박살난지 오래인 후후,2021-11-15 14:21:38,"후후
- dc official App"
착용감 궁금하면 트위치방송좀 봐 [2],2021-11-15 14:21:09,"정성껏 써주실 게이모십니다.
- dc official App"
보통 뉴비들이 저런 마구백에 환장하는데 [1],2021-11-15 14:20:32,아이폰은 LG번들 어케씀? 이어팟 잘라서 프랑켄슈타인 만들어야됨?
30만원짜리 이어폰 쓰는 개븅신새끼들도 있냐?ㅋㅋㅋ,2021-11-15 14:20:09,마구이름 같다고 위에서 짤랐다카더라
최준서양 (장터폐기물) 을 짝사랑하는 조PD (KZ) ㅋㅋㄷㄷ,2021-11-15 14:19:04,"디락이 이미 끕차이를 후후
- dc official App"
소니는 헤어밴드 일부러 싸구려로 만드냐? [2],2021-11-15 14:16:12,"디락이 이미 끕차이를 후후
- dc official App"
LG 공홈에 번들 재입고 됬네,2021-11-15 14:16:02,"갸네들 기본이 3시간 인데





유럽애들은 헤드폰 쓰거든





대다수가 한브랜드 한모델이긴해
- dc official App"
헤드폰질문[추천]좀해도될까요.. [2],2021-11-15 14:13:54,"직접 겪어본 35년 이헤갤 보닌가튼 경우는 이미 흥미를 잃어따 이말이야
찍먹도 자주 하면 콜레스트롤 쌓임을 항시 명심하도록"
바쿤유저 개팬다.,2021-11-15 14:13:51,으딜 갓디락이랑 lg번들님이 떡하니 있으신데ㅋㅋㅋ
최준서양 (장터폐기물) 을 짝사랑하는 조PD (KZ) ㅋㅋㄷㄷ,2021-11-15 14:19:04,"후후
- dc official App"
소니는 헤어밴드 일부러 싸구려로 만드냐? [2],2021-11-15 14:16:12,z1000 z7m2 z1r 모두 헤드밴드 존나 불안하네. 3년 쓰면 무조건 헤질것 같은 느낌?
LG 공홈에 번들 재입고 됬네,2021-11-15 14:16:02,"2개 삿다

https://www.lge.co.kr/care-accessories/smartphone/eab65817201"
헤드폰질문[추천]좀해도될까요.. [2],2021-11-15 14:13:54,"제 패턴은
밖에서 멜론으로 음악 자주듣고
집에서는 유튜브랑 영화 아니면 카페가서 공부 인강정도? 하려고해요..
좀 두루두루 쓰려고하는데 어떤게좋을까해서 글남겨봐요..
모비우스랑 에이오닉50 두개중에 뭐가더 나을까요..? 평판형이 좋다던데 
게이밍으로 나온거라.. 두개비교하면 뭐가나을지 몰르겠어요"
바쿤유저 개팬다.,2021-11-15 14:13:51,"https://www.youtube.com/watch?v=_qTxgBd1BkE
- dc official App"
lg번들 네이버스토어에서 파는거 정품이냐? [1],2021-11-15 14:12:36,ㅇㅇ?
내일 셰에가야겠다 지하 매장 [7],2021-11-15 14:11:00,"열었다면서
ㅋㅋ루삥뽕~
다 들어보고 와야지~
앨범리뷰 보러가기"
소니 40만원짜리 무선 헤드셋... 유선으로 치면 얼마급이냐? [1],2021-11-15 14:09:55,무선이랑 유선 차이 많이 난다메
혹시 제 상황에 맞는 헤드폰 추천가능하실까요? [5],2021-11-15 14:08:48,"독서실에서 인강 들음 -> 이어폰으로 자꾸 들으니까 귀에 안 좋을거 같아서요..

헤드폰 사려고 하는데, 기왕이면 마이크 달린거면 좀 더 좋긴하거든요


원래 존나 가난했다가.. 최근에 알바로 개빡세게 돈 벌어서 총 자금은 1천만원까진 있긴한데

그전에 워낙 가난하게 살아서 돈을 쓸 엄두가 안 나요
그래서 한 10만원 아래로까지 무리해서 써볼까하는데...
이정도 가격대로 어떤게 좋을까요?
(레이저 제품 5~6만원대가 있는데 이건 어떨까요?) 레이저 크라켄 X , MSI GH61도 6,7만원대네요.
원래라면 무조건 만원대 이하로 샀을텐데 가성비라는게 몇만원만 높여도 훨씬 좋아질 수 있으니깐요.
추천 가능하실까요?


용도는 (강의 듣기 + 야동볼때 옆집 들릴까봐 헤드폰 사용) 요렇게 두 가지입니다.
유선이나 유무선 겸용 선호합니다."
58x살랬더니 믹싱용으로 별로래 근데 r70x는 [16],2021-11-15 14:08:17,"58x는 뉴트럴하지가 않고 펀사운드래
근데 흐드륙은 또 사기싫어 일단 가격거품 존나심하고 극저음 저음이 없다시피해서
edm kpop 같은거 믹싱하려면 저음 다이내믹 표현이안될것같아서
그렇다고 r70x를 사자니 앰프를 존나 좋은걸 사야된대 저음 저항 1100옴까지 찍혀서
그럴려면 밸런스드 케이블을 따로 제작해야하고 앰프 고르기가 너무 까다로움
일단 오디오인터페이스에 달려있는 헤드폰앰프는 젠캔 득삼플 수준도 안되는 출력인게 대부분이고
가격 최소 80만원 이렇게 올라가야 오디오인터페이스 헤드폰 아웃이 r70x를 감당할 수있는 출력 수준이라
존나게 비효율적이야. 그렇다고 오디오인터페이스에 외장헤드폰앰프를 연결하는법은 또 모르겠어 가능한거같은데
근데 생각해보면 왜 r70x 하나 쓰자고 그렇게 비효율적으로 해야하지? 그냥 저옴 사면 오디오인터페이스 하나면 되는데 싶은거야
대체 r70x는 왜이렇게 고옴으로 만든거임???????? 이 시발련들아?
미국에서 400불 이따구로하는게 한국에서 25만원에 살수있길래 오 시발? 직구보다 정발이 더싼건 태어나서 첨보네 하고 좋아했는데
이시발 진짜 1k 470옴 극저음 1100옴 이 뭐냐 뒤질래? 그따구로 만들었으면 기본케이블을 밸런스드로 주던가 머하는거임 대체
알칠공은 진짜 판매탭에 최소 20만원이상의 헤드폰앰프 필요 (+20만원) 가격추가 해 놓던가 ㄹㅇ 진짜 헤드폰 자체는 뉴트럴에 좋아보여도
구매를 확정짓기까지 굉장히 난관이많고 구매하기 이렇게 껄끄러울수가없다. 븅신들은 그냥 헤드폰앰프 필요한지도모르고 오 할인? 오 싸네 사야지
했다가 덱앰없이 직결로 깡통소리 처듣다가 구리다고 판매하는거아니야 이러니 평가가 극과극이지 알칠공이.

그래서 궁금한점은
알칠공 기본케이블 언밸이냐 밸이냐?

ㅇㅇ 답변 감사"
나도 엘지번들 영상 첨떴을때 2개 사뒀음,2021-11-15 14:00:59,"그래프보고 역시 머기업이라는 생각밖에 안들더라

중국 양산형 하만타겟 일치 이어폰보다 훨 시원시원할거같은 느낌

하나는 듣고 조으면 친구 줄려고
- dc official App"
성격 진짜 못됐다.. [4],2021-11-15 13:56:03,"그래프보고 역시 머기업이라는 생각밖에 안들더라

중국 양산형 하만타겟 일치 이어폰보다 훨 시원시원할거같은 느낌

하나는 듣고 조으면 친구 줄려고
- dc official App"
"L,R 단자 따로있는 헤드폰은 다 밸런스 가능한건가요? [1]",2021-11-15 13:52:38,학창시절 때 애들 괴롭히던 일진들 보는 기분이야.
HD58X 진짜 좋아 [4],2021-11-15 13:52:26,4.4 단자 밸런스드 케이블 만들면?
보스 qc35 2오래끼면 너네도 귀 아프냐? [9],2021-11-15 13:50:26,단점은 거지같은 빌퀄이랑 못생긴 드라이버
젠하이저 올라운더가 뭐임? [4],2021-11-15 13:50:03,"이게 착용감이 ㅆㅅㅌㅊ라는 평가도 꽤 있었고 실제로도 처음엔 괜찮았는데 갈수록 하루에 헤드폰을 오래 끼고 있으면 왼쪽귀가 꽤 아프더라고.. 3~4시간 끼다가 중간에  2시간정도 쉬다가 다시 5~6시간정도  끼면 유독 왼쪽만 꽤 아프던데 너네도 이 정도 사용하면 귀 아프냐?
보스 qc 35 2  사용하는 사람만 말해줘봐봐
병원 가야하나생각중이다
- dc official App"
스피커 딱 1개만 있는거 있음? [25],2021-11-15 13:48:36,HD58x?
진짜 돈이나 현물을 받고 광고하는 애랑 자기가 그렇게 믿어서 좋은건 다름,2021-11-15 13:48:30,"이렇게 2개 말고



이렇게 책상에 딱 하나만 놓고 쓸 수 있는 패시브 스피커

집에 있던 소니 무언가 스피커 켜봤는데 익숙해지니 좋아서 스피커까진 하나 사볼려?고"
막글)갤에 글이 하나도 없어서 구호 하나 외친다. [3],2021-11-15 13:46:29,"내가 그래서 현물받고 리뷰하는 블로거/리뷰어들을 별로 안좋아하는거기도 함

걔들은 진짜 돈이나 이어폰 받고 광고하면서 이빨터는거고 여기서 좋다는 애는 LG나 디렘하고 관계있는게 아니면 본인이 그렇게 믿는거니까 그건 그냥 주관적인 의견이 되는게 맞아

본인이 그렇게 듣는다는거잖음

관계가 있으면 이야기가 달라지긴 하는데 그 전까진 그냥 개인의 의견이라고 치고 싫으면 차단을 하지 갤을 씹창내지는 말자..."
버즈2 aac 고정 좀 해줘 제발 [2],2021-11-15 13:46:17,노이만 kh120 꼭 사라!!!!!!!!! 성능 좋고 동급의 제네렉 8030보다 좀 더 신뢰할 수 있는 qc와 만듬새를 가지고 있으며 측정치 또한 5인치 라인에선 종결이라고 봐도 될 정도다. 솔로 6 be도 측정치나온걸 봐서 알겠지만 딱히 6인치라서 노이만보다 좋다고 할 수 없다. 이렇게 좋은 스피커인데 언급조차 안되고 묻히고 있다는게 이해가 가지 않는 스피커이다.
인타임 소라 라이트 좋냐?,2021-11-15 13:45:35,"낄때마다 블루투스 코덱 바꾸는거 ㅈㄴ 성가시다

제발 고쳐주세요 이건희 행님 ㅜㅜ"
에어팟 맥스 신품 40이면 개꿀매?,2021-11-15 13:45:11,장터에서 팔던데
득삼 안테나 부분 원래 이럼??,2021-11-15 13:44:06,"살까…
- dc official App"
순다라는 사고싶진 않고 들어보고싶으 [3],2021-11-15 13:43:44,"?? 들어가다 마노
- dc official App"
카시 님ㅋㅋㅋㅋㅋ노이만 사운드 좀 오글거려요;,2021-11-15 13:42:50,"걍 그래   사람들이 왜좋아할까  이건 느끼고싶다
- dc official App"
Kh120 로고높이 줄자로 재보았다,2021-11-15 13:42:11,제 손발 좀 ㅈㅂ ㅋㅋㅋㅋㅋㅋㅋ
토핑 덱앰으로 들으면 순다라>>>>hd600임 [6],2021-11-15 13:40:35,제 손발 좀 ㅈㅂ ㅋㅋㅋㅋㅋㅋㅋ
LG번들 = 노이만사운드 ㅋㅋㅋㅋㅋㅋ [7],2021-11-15 13:40:28,"다른 덱앰이면 흐드륙 장점도 나오는데

토핑덱앰에선 숨길수없는 흐드륙 베일이 느껴짐

다소 텁텁하고 막힌듯한"
노이만 kh120 게인 값을 올릴수록 해상도가 증가 하는것 같은 기분든다,2021-11-15 13:40:22,디렘 프로 = 제네렉 사운드ㅋㅋㅋㅋㅋㅋㅋ
오늘 그날이야? [1],2021-11-15 13:38:54,게인 값이라는게 볼륨 차이 밖에 없는것 아님? 왜 게인 값을 올릴수록 해상도가 증가하는듯한 기분이 드는것이지? 동일한 볼륨 상태에서도 게인을 높게 잡아 놓을 경우 해상도가 좋아진것 같은 느낌이 듬. 앰프의 출력을 제한하는 방식으로 노이만 kh120이 세팅된것 같긴한데 말이지. 여기에 측정을 기반으로 한 과학적인 근거가 있음?
애플러가 싫어하는 유동 karsh [1],2021-11-15 13:38:17,남자도 피나오나
이시간대엔 애자새끼들밖에없노 [1],2021-11-15 13:38:01,zzzzz
알리에서 장난감들 찾음 [10],2021-11-15 13:37:55,이헤갤답다ㅇㅇ
제네렉 노이만 kef 다 써본 입장에서 [7],2021-11-15 13:37:51,"웃기게 생긴 이어폰 2개랑
2.5, 3.5, 4.4 멀티플러그 싼거(메두사9 같은건 10만원 넘음) ddhihi에서 찾아옴

멀티단자는 나중에 사봐야지
촘촘해서 납땜이 빡셀 거 같지만"
한국에는 크리나클이 필요가 없지,2021-11-15 13:37:10,"노이만은 너무 건조하게 플랫한 느낌

이걸 좋아하는건 작업자들만 좋아할거 같은데
의외로 리스너도 좋아한다는게 신기

약간 다크한것이 젠하이저라면 젠하이저같다고도 느낌

난 제네렉이나 케프가 훨 좋았음
괜히 제네렉이 유명한게 아니라고 느꼈음


진짜 플랫은 제네렉인듯
듣기도 좋고"
재미있는 이어폰을 발견했다네. lg 번들 이어폰,2021-11-15 13:36:45,"""karsh"""
이어폰은 부질없다네,2021-11-15 13:35:17,"전체적으로 하만타겟 플랫한 이어폰인데 내가 집에서 쓰고 있는 노이만 kh120과 소리 성향과 밸런스가 비슷함. 저역대 댐 빠르고 정확하고 초고역대 약간 들려서 약간 쏠라말라 하는 느낌까지 상당히 유사한 소리를 들려줌. 노이만이 초저역대가 안나온다는걸 제외하면 상당히 비슷한 성향인듯 노이만 소리가 궁금한 사람들은 lg 스마트 월드 들어가서 이거 구매해서 써보면 성향 정도는 알 수 있을 것임.

모델명은 lg c타입 이어폰 eab65817201 가격은 7500원. 공홈에는 단종이고 lg앱인 스마트 월드에는 파는듯 함."
LG번들이 타임리스랑 순다라랑 동급이라는데 ㄹㅇ임? [1],2021-11-15 13:34:30,"전체적으로 하만타겟 플랫한 이어폰인데 내가 집에서 쓰고 있는 노이만 kh120과 소리 성향과 밸런스가 비슷함. 저역대 댐 빠르고 정확하고 초고역대 약간 들려서 약간 쏠라말라 하는 느낌까지 상당히 유사한 소리를 들려줌. 노이만이 초저역대가 안나온다는걸 제외하면 상당히 비슷한 성향인듯 노이만 소리가 궁금한 사람들은 lg 스마트 월드 들어가서 이거 구매해서 써보면 성향 정도는 알 수 있을 것임.

모델명은 lg c타입 이어폰 eab65817201 가격은 7500원. 공홈에는 단종이고 lg앱인 스마트 월드에는 파는듯 함."
안녕하세요. Lg 번들로 업그레이드 가능할까요?,2021-11-15 13:33:41,Lg에서 나온 7500원짜리 usb c 이어폰이 고가형까지 거진 털어버리는걸 보고 할말이 없어짐 7500원으로 종결가능한 이어폰 세계는 부질없어
dx3pp 어댑터 [4],2021-11-15 13:33:40,진자냐?
나 lg 번들 안들어봄,2021-11-15 13:31:43,Lg에서 나온 7500원짜리 usb c 이어폰이 고가형까지 거진 털어버리는걸 보고 할말이 없어짐 7500원으로 종결가능한 이어폰 세계는 부질없어
제 서브 이어폰은 애플 이어버드요,2021-11-15 13:30:59,진자냐?
제 dap는 yepp p2입니다,2021-11-15 13:30:38,현재 쓰는 이어폰은 케이베어 스텔라입니다. 제가 배가 너무 아파갖고 신포도질을 한 점에 대해서는 무척 반성하고 있읍니다.
소리가 좋네 안좋네 이걸 갖고 싸우면 일반인들이 [2],2021-11-15 13:30:15,"저 하얀거에 꼽고 꼽아야 되는거임???
- dc official App"
카시 = 언럭키선라이즈,2021-11-15 13:30:04,ㅋㅋㅋ아
칼신가 카시 쟤만 보면,2021-11-15 13:29:34,ㅋ
죄송합니다 저 사실 kbear stellar이 메인입니다 ㅎ [2],2021-11-15 13:29:29,죄송합니다
C타입 한번 속는셈치고 7500원에 하나만 사본다 [2],2021-11-15 13:29:08,"우리를 머라고 생각하겠냐  





적당히하자
- dc official App"
월요일은 파이터 데이냐? [1],2021-11-15 13:28:28,ㅋㅋㅋㅋ
병신들아 노이만 쓰신다잖아 니네가 짐,2021-11-15 13:28:19,"스갤에 스피커 사러갔을때
족구린 짱깨 스피커 바이럴 당할뻔했던것만 생각남
뭔가 꺼림직해서 구매 취소했으니 망정이지"
죄송합니다 저 사실 kbear stellar이 메인입니다 ㅎ [2],2021-11-15 13:29:29,배가 너무 아파서 그만 ㅠㅠ ㅋㅋㄷㄷ
C타입 한번 속는셈치고 7500원에 하나만 사본다 [2],2021-11-15 13:29:08,KSC75 곧 뒤질려고 하는데 속는셈치고 하나사보지 뭐
월요일은 파이터 데이냐? [1],2021-11-15 13:28:28,"애들이  출근해서  받는 스트레스 여기서 푸네


해우소야?
- dc official App"
병신들아 노이만 쓰신다잖아 니네가 짐,2021-11-15 13:28:19,ㅋㅋㄷㄷ
좆쥐 c타입 이고냐 [5],2021-11-15 13:28:15,"임마들 또 싸다고 허버허버 줍고 올려치기중이냐;;
나도 하나 사야지"
무릎꿇고 앉는거 고쳐야겐네 [2],2021-11-15 13:28:06,쥐나니까 뒤지게 아프노
어쨋던 여기서 가장 중요함 사실을 이야기하겠음,2021-11-15 13:27:54,그건 lg c번들이 확실한 가성비 제품이라는 것임 애초에 구렸으면 여기서 이렇게 불타오를일이 없음 구렸으면 그냥 묻혔지 그냥 가성비 원하면 사면됨
으딜 헤드파이 10년 넘게 한 카시 님에게 덤비노,2021-11-15 13:27:27,우덜아들이 ㅡㅡ;;;
lg c타입 7500원이면 가성비 ㅆㅅㅌㅊ 아니냐 [2],2021-11-15 13:27:18,가격은 다이소인데 성능이 어떨지 궁금하노 ㅋㅋ 일단 1개 사봤다
룸튜닝도 좆병신처럼해논새끼가 뭔 훈수질이노 [1],2021-11-15 13:26:59,시발 어이가없노 ㅋㅋㅋㅋㅋㅋ
병신들아 힘내세요 ㅋㅋㄷㄷ 너넨 Karsh보다 못났음 [1],2021-11-15 13:26:51,아 ㅋㅋ 암튼 니네가 짬 덜 찼으니까 니네가 짐 ㅋㅋㅋㅋㅋㅋㅋㅋㅋㅋㅋㅋㅋㅋㅋㅋ
223.62 39.7 전투력 오짐 [1],2021-11-15 13:25:57,통피라 그런가
졀라꾸르르르르르잼이노 ㅋㅋㅋㅋㅋㅋ [1],2021-11-15 13:25:42,아따 골귀에서 이어폰 만들던 거 생각나노 ㅋㅋ
필수차단 통피,2021-11-15 13:24:58,"223.39
+
크트통피"
니가 좋아하는 디락이 쿼빗3 드라이버 기반으로 만들어진 건 아냐 [3],2021-11-15 13:24:07,아 ㅋㅋㅋㅋㅋㅋㅋ 암튼 너 많이 써라
갤럭시 버즈 이미지.txt,2021-11-15 13:23:59,"재난지원금으로 편의점에서 산 이미지

재고떨이로 산 이미지

사은품으로 공짜로 받은 이미지"
족적ㅋㅋㅋㅋㅋㅋㅋㅋㅋ [1],2021-11-15 13:23:22,오글거리네 ㅋㅋㅋㅋㅋㅋㅋㅋㅋㅋㅋㅋㅋㅋ
켄시 왓어 ㅋㅋㄷㄷ [8],2021-11-15 13:23:20,"ㅋㅋㄷㄷ
- 음악은 계속된다."
헬쥐 usb c타입? 그건 또 머야 [8],2021-11-15 13:23:08,새로운 번들라인 최강자여?
사람마다 귀가 다르니 누구말이 툴린것도아니고 누구말이 맞는것도아님 [3],2021-11-15 13:23:02,새로운 번들라인 최강자여?
Lg는 유선 이어폰계에 usb c이어폰이라는 족적을 남겼음,2021-11-15 13:22:38,같은 제품이라도 다르게 들릴수 있는요소가 너무 많음 그래서 평가가 다 다르게 나오는것이고
라떼는 길바닥에 엎어지게 먹어도 모텔은 안갔는데,2021-11-15 13:21:43,7500원에 20~30대 1dd 사운드를 뽑아낼수 있다는것을 증명함 그러면서 지금까지 이어져온 쿼드비트 시리즈의 소리를 usb c 이어폰을 통해서 완성시켰음
박근혜랑 너네들이 우상시 하는 유투버들이랑 다를게 없다 [3],2021-11-15 13:21:40,같은 제품이라도 다르게 들릴수 있는요소가 너무 많음 그래서 평가가 다 다르게 나오는것이고
어린애 ㅋㅋㅋㅋㅋㅋ 아 오글거려,2021-11-15 13:21:34,7500원에 20~30대 1dd 사운드를 뽑아낼수 있다는것을 증명함 그러면서 지금까지 이어져온 쿼드비트 시리즈의 소리를 usb c 이어폰을 통해서 완성시켰음
노이만 쓰고있는 입장에서 평가하면 이헤폰은 그냥 어린애 같음,2021-11-15 13:20:59,버스각이지
Karsh <= 영디비 회원임 [5],2021-11-15 13:20:28,"박근혜 탄핵되고   석방하는 외치는 사람들  




그것이알고싶다에서 찾아가서 왜그러는지 물어봤는데




돈받고 하는게 아니라  그사람들은 어렸을때부터 박근혜


세대였기때문에  시대를 함께하고 같은 어려움을 겪었다고


생각해서 옳고 그른걸 중요하게 보는게 아니라  그냥 또하나의


자신으로 생각하는거야 박근헤를 마찬가지로   어떤 유투버땜에



음향을 좋아하게되고 시작하게되었다면  또하나의 자신이라


생각해서  객관성을 잃게되고 맹목적으로  믿음  왜냐


그사람을 부정하는건 자신을 부정하는거라고 생각함






너네들이 누군가에 얼마나 의지하고 있는지  생각해봐



- dc official App"
그냥 의견이 나랑ㄹ 다르구나 하면 되는 문제임 [2],2021-11-15 13:19:48,앗 죄송 연설 중이신데 실수임 ㅋㅋㄷㄷ
ㅁㅊ 11시 반에 일어나서 허버허버 퇴실한.. [16],2021-11-15 13:19:32,노이만 쓰고있는 입장에서 평가하면 이헤폰은 그냥 어린애 같음 그런데 그중에서 좀 괜찮은걸 뽑는다면 그중에 lg c번들은 들어갈듯하다.
노이즈 뇌이징중,2021-11-15 13:18:52,영디비에서 배운 지식을 뽐내는 중
이어폰은 100이상쓸거 아니면 lg usb c로 끝낼수 있음 [3],2021-11-15 13:18:31,"정 보기 싫으면 차단하면 되는거임

싸울 에너지 있으면 스쿼트 한번을 더 해서 건강해지자 친구들"
싸우지마 [8],2021-11-15 13:16:09,"정 보기 싫으면 차단하면 되는거임

싸울 에너지 있으면 스쿼트 한번을 더 해서 건강해지자 친구들"
관상도 일종의 외모지상주의 아니냐? [1],2021-11-15 13:14:56,"옷도 어제 입었던거 고대로 입고 2시 수업 들가야해..
술냄새 쩔어있을듯

그와중에 어제 e40 무나 안받는다고 했네..ㅇㅇ?
저녁에 집오면 다시 뽑을께"
이어가이드 추천 좀. [2],2021-11-15 13:14:47,"생각보단 괜찮은듯
은 지랄
걍 ksc35 쓰고 출근한다 ㅗ
- dc official App"
LG C타입 VS ksc75 파츠익스프레스 [6],2021-11-15 13:14:36,"생각보단 괜찮은듯
은 지랄
걍 ksc35 쓰고 출근한다 ㅗ
- dc official App"
나는 그냥 제가격하면 된다고 봄,2021-11-15 13:13:58,30만원대 까진 취향차 수준이고 50이상가도 그 가격대는 큰 차이 뭐 없고 100넘어가면 다중 ba의힘으로 좀 차이가 나네 수준이니 일아서들 판단하여 구매하삼 1dd에선 ie900 갈거 아니면 이걸로 끝내면 돼
밴드 노래가 최고야,2021-11-15 13:13:55,왜 이런걸로 싸우고 그래..
karsh 이분 다중이질 무섭다무서워 ㄷㄷ [1],2021-11-15 13:11:39,미신 같은데 ㅅㅂㅋㅋ
요즘 남초 애들은 진짜 착한듯 [5],2021-11-15 13:11:29,"터치 노이즈 때문에 여기에다 물어보니 이어 가이드를 쓰라네.
좋은 이어가이드 추천 해줘."
6xx 중고시세 어떻게 형성됨? [1],2021-11-15 13:11:17,"터치 노이즈 때문에 여기에다 물어보니 이어 가이드를 쓰라네.
좋은 이어가이드 추천 해줘."
pc로만 들을건데 560s에 덱 뭐물려??,2021-11-15 13:10:57,머가 더 나음?
토핑 nx4 질문좀 [2],2021-11-15 13:10:05,"음향기기가 걍 그돈주고 사기에는 퀄리티가 처참한게 너무 많아져서...

내가 볼땐 걍 이어팟 쿼드비트 삼번들 lg usb c 이런거 걍 제 값하는 이어폰인데 수준미달이 많아서 올려치기 되는거라고 생각함

타임리스도 걍 애들 말 종합하면 제 값은 하는 이어폰임

그냥 제 값은 하면 다행이니까 구매할만 하다고 생각함

너네 0db 헤메 머림머 dk가 아무리 올려쳐도 아니꼽네 씨발새끼 하면서 걔들 사칭하면서 그러진 않잖아

걍 그럴수 있다고 생각한다

사실 위에 예시중 누구는 좀 가격값도 못하는거 심하게 올려치는 광고쟁이 수준이라서 빼야하나 고민했는데 그래도 너네가 보는 리뷰어들이라서 걍 놔둠"
karsh행님 혼잣말 지리시네요 [3],2021-11-15 13:09:26,"https://www.youtube.com/watch?v=TOypSnKFHrE
- dc official App"
시바라쿠오마치쿠다사이 [4],2021-11-15 13:09:13,"https://www.youtube.com/watch?v=TOypSnKFHrE
- dc official App"
인생 망함 [5],2021-11-15 13:08:57,화까지내노 ㄷㄷ
고로시까지는 하지 말자 친구야,2021-11-15 13:08:57,90년대 초반 애들은 초면에 턱뼈를 부숴버린다 구면에 대가리를 깨서 뇌수를 뽑고 배를 갈라서 창자를 빼버린다 이런 욕까지 썼었는데 요즘 애들은 진짜 점잖음
메이어 사운드 간접체험,2021-11-15 13:07:26,지금 쓰는거 남바 014544 19년도 구매품인가 그러는데
누가 나 사칭해서 글쓰냐?,2021-11-15 13:06:58,"소나타프로 생각중인데 누구는 pc에연결할거면 젠덱 물리라는데

ifi젠덱v2 맞아??  가격꽤 나가던데 너무과한가??"
얘 왜 풀발 안 하냐 [15],2021-11-15 13:06:39,"소스기기에서 3.5케이블로 연결해?
아님 c타입to 5핀케이블로 연결해?"
고백) 두누젠 가끔 꺼내서 존나재밌게들음 [5],2021-11-15 13:05:56,다중이세요?ㅋㅋ
엘지 번들이 훌륭한 것은 사실임.,2021-11-15 13:05:51,맞나?
인생 망함 [5],2021-11-15 13:08:57,"뉴하나 간듯
어제 밤에 유닛에 보조배터리 떨구긴했는데
이 씹새끼 그걸 못참고 화노 뿜어대면서 발작하네
- dc official App"
고로시까지는 하지 말자 친구야,2021-11-15 13:08:57,마음에 안들면 차단을 하도록 하자
메이어 사운드 간접체험,2021-11-15 13:07:26,"https://www.youtube.com/watch?v=jxYkWXq8SEU



실외에서 이정도면   실내에서는 
- dc official App"
누가 나 사칭해서 글쓰냐?,2021-11-15 13:06:58,난 앞머리 글자가 대문자라고 날 사칭해서 글 쓸정도로 한가하면 다른걸 해.... Ip 223.39
얘 왜 풀발 안 하냐 [15],2021-11-15 13:06:39,3만원짜리라 무시당하다가 환불엔딩 나는거냐
고백) 두누젠 가끔 꺼내서 존나재밌게들음 [5],2021-11-15 13:05:56,불량식품 매력이써..ㅋㅋ
엘지 번들이 훌륭한 것은 사실임.,2021-11-15 13:05:51,머리전달함수가 바르게 전달되는 리시버 중 하난데 왜 음해하는 거야? 얄포처럼 선형적인 특성을 가지면서도 전역대 thd 0.1프로에 가까운 드라이버 성능 특성도 좋은데 왜 내 평가를 곡해하는 거냐? 너희가 느낀 대로 느끼면 된 거 아니냐. 아는 만큼 보이는 법이다.
예산 30만원으로 살 헤드셋 추천좀 [1],2021-11-15 13:05:23,ㅈㄱㄴ
종결 하는 법 알아냄,2021-11-15 13:05:21,이어폰 두달만 끊어봐 qcy도 레퍼런스 같음 ㄹㅇ
귓구멍존나큰데 xm4사도됨? [1],2021-11-15 13:05:07,ㅇㅇ?
노이만스피커도 못쓰는 ㅂㅅ들은 닥쳐라 ㅋㅋㅋㅋ [1],2021-11-15 13:03:21,노이만쓰는 karsh형님 납신다
저가형 사서 고가형에 비비려고 하는게 도적마인드긴 함 [1],2021-11-15 13:02:36,무선으로 유선 플래그쉽 레퍼런스 음질로 싹다 좆바른다는 분들하고 같은 마인드임
karsh 등판ㅋㅋㅋㅋㅋㅋㅋㅋㅋㅋㅋㅋㅋ,2021-11-15 13:00:44,무선으로 유선 플래그쉽 레퍼런스 음질로 싹다 좆바른다는 분들하고 같은 마인드임
중고 판매 포기한지 오래 됨 [4],2021-11-15 12:59:59,ㅋㅋㅋㅋㅋ
메이어 사운드 느낄수 있는 무선이어폰,2021-11-15 12:56:16,ㅋㅋㅋㅋㅋ
짱깨산 as도잘안해주는거 왜사냐 [5],2021-11-15 12:56:02,처녀빗치 같은 반값 중고 노리는 새끼들이랑 한놈만 걸려라 사기꾼 콜라보에 정신을 잃어버림 ㅇㅇ;
세상 여자들이 전부 미나미 클론이면 좋겠다,2021-11-15 12:55:59,"모멘텀1



대림머 피셜임



근데 단종해서 중고밖에 못구해요




저엇같죠?
- dc official App"
짱깨산 좋다는 카페글들은 닥헤 재물들 뿐이지,2021-11-15 12:55:38,ㅇㅇ?
근데 wh1000xm4 착용감 많이 구림??? [2],2021-11-15 12:54:51,ㄹㅇ
20만원대 이어폰 황제는 타임리스임? [9],2021-11-15 12:54:46,중고가 구매자가 알아서 방어 노력 기울이니 얼마나 좋냐 이말이야
ㅉㅉ 너네가 그렇게 돈많아? [2],2021-11-15 12:54:40,"마크4가 음질 노캔 좋아도 qc35나 qc45 가는게 착용감떔에 그런거?

유튜브 영상 보는데 오래 착용하기 힘들다고 징징되네 어느정도길래"
엘베에서 누가 뒤에 자리있어도 안들어가서 ㅅㅂ,2021-11-15 12:54:32,념글 청음 후기 보면 3명 의견이 좋은거로 비슷하네
짤 보고 생각난건데 중국 택배는 왜케 눅눅한거지 [1],2021-11-15 12:53:40,념글 청음 후기 보면 3명 의견이 좋은거로 비슷하네
30만원 이하 헤드폰 추천좀 [5],2021-11-15 12:53:19,"마크4가 음질 노캔 좋아도 qc35나 qc45 가는게 착용감떔에 그런거?

유튜브 영상 보는데 오래 착용하기 힘들다고 징징되네 어느정도길래"
dk 픽 따라하면서 사는애들이 꼭 대출하더라 [1],2021-11-15 12:53:18,념글 청음 후기 보면 3명 의견이 좋은거로 비슷하네
근데 진짜 중고 안 팔리는데 [8],2021-11-15 12:52:49,그럼 밥사죠
십새기들 [14],2021-11-15 12:50:42,"뭐야 애미뒤진새낀가 육성으로 튀어나올뻔했는데 진짜 뒤졌을 새끼라서 참았다

대참사 일어날뻔"
아 시발 엘지 c타입 품절 아니네 ㅡㅡ [4],2021-11-15 12:50:03,뜯을 때마다 기분 나빠
보통 영화관 사운드 장치는 어느 회사꺼 씀?? [1],2021-11-15 12:48:24,"이번에 wf-1000xm4 사고 음악 듣는게 너무 만족스러워서
음질은 비교불가라는 헤드폰 한 번 사보고 싶은데 여기가 광고 거르고
잘 추천해주는거 같아서 물어봄

안에서만 쓸거라 유뮤선 상관 X
앵앵거리는 씹덕노래, 완전 헤비한 메탈 빼고는 다양한 장르 들음
오픈형 X

생각 나는건 이 정돈데
추천 부탁할게 ㅠㅠㅠ"
신품가50퍼인하 ㅇㅈㄹㅋㅋㅋㅋㅋ [1],2021-11-15 12:47:07,"그러니 정부 욕하고 화풀이 하지
보닌은 디락으로 10년 종결중인데 아직도 신제품이 구제품 같이 보이더라 이말이야"
보닌 이어팁 모음 [14],2021-11-15 12:46:58,"가격도 안 낮추고 계속 끌올하는 사람들은
(사실 새끼들이라고 해도 됨)

팔 생각은 있는거임 ? ?

호구 한놈만 낚여라 이건가

가격이 별로라서 안 팔리는 건데

왜 가격이 항상 고정가 ㅋㅋㅋ

몇주째 같은 가격 끌올하는 새끼들은 진짜 좀 없어졌으면 좋겠다"
엘지 이어폰 베스트샵에서 구매함 [5],2021-11-15 12:46:28,"에
- dc official App"
xm4 c타입이긴 한데 이거 못써 너무짧아보임 [4],2021-11-15 12:45:51,"공홈에서 팔고있네 ㅅㅂ
- dc official App"
코조케야구50 [6],2021-11-15 12:45:21,ㅇㅇ
댁앰은 내일 써야 겠다 [3],2021-11-15 12:42:41,대다수 중고 이어폰은 신품가 50퍼인하해서 판다 ㅋㅋ
아니 WH-1000XM4 별로임? [10],2021-11-15 12:42:31,위쪽 칸에 널부러진 것들은 내 귀에 안 맞는 것들이라 왼쪽 주머니에 다 때려넣고 보관중. 요즘은 크리스탈 많이 씀 ㅇㅇ
무선헤드폰 선꽂아놓고도 들을수있음? [9],2021-11-15 12:40:59,"서비스센터에 부품구매 부서로 가서 엘지윙 번들 이어폰 구매 가능하냐고 물어보니까 인터넷으로 주문해줌. 23000원인데 엘지폰으로 주문하면 7500원 아니냐 ㅅㅂ
- dc official App"
잘가 내 마이너 ㅠㅜ [13],2021-11-15 12:38:16,- dc official App
사실 500만원짜리 이어폰 사는게 합리적인 이유 [1],2021-11-15 12:34:41,- dc official App
에어팟 맥스 고민중인데 얼마면 살만하고 생각하시나요? [8],2021-11-15 12:32:31,"입갤
- dc official App"
Lg c타입 이어폰 주말동안 들어봤는데.. [3],2021-11-15 12:31:42,"입갤
- dc official App"
욕을 안넣으면 한마디를 못하나? [1],2021-11-15 12:31:22,오늘은 이거나...
아 꽂자마자 쇼트 나버림.... [4],2021-11-15 12:30:55,"유튜브에 찾아보면 다 좋다고 하는데 
여기 검색해보니까 엠창이라는 새끼들이 왤케 많냐
여기 애들이 좆문가인거임?
- dc official App"
개씹좆목갤러리임? 지들끼리만 얘기하노 [3/1],2021-11-15 12:30:13,"이거샀는데 컴퓨터에서 쓸거라 장시간 쓸것같거든...
아무도 대답을 안해줘서 3번째 올리는데 한번만 답변 부탁할게"
fulx fa10? [1],2021-11-15 12:29:43,"거기 가서 행복해야돼 ㅠㅜ










- dc official App"
발더2도 죳구린가보네 [5],2021-11-15 12:29:01,50년 쓴다치면 1년에 10만원바께안해
니들은 2년전부터 코덱 마케팅에 껌뻑 죽는거에서 발전이 없네,2021-11-15 12:28:57,"밖에서는 2세대 에어팟쓰고


집에서 사용할거같습니다


근데 쿠팡에서 54만원 정도하던데


얼마까지 내려가면 사볼만하다 싶으신가요??"
시발 자다깨서 660s 고민하고있노 [5],2021-11-15 12:25:57,이어팟이 훨 나은거 같다 13000원 주고 이어팟 사라
14.40 아저씨 짬에서 오는 바이브ㅋㅋ,2021-11-15 12:24:42,이어팟이 훨 나은거 같다 13000원 주고 이어팟 사라
karsh=라놀린+렬교,2021-11-15 12:22:35,한심
아 꽂자마자 쇼트 나버림.... [4],2021-11-15 12:30:55,"젠더 써서 꽂을때 부터 이잉 소리 나다가
틱! 소리 나고 연기 나길래 뽑았다...

바로 안전사 긁었다....


왜 왔는데 쓰질 못하니 ㅠㅠㅠㅠ"
개씹좆목갤러리임? 지들끼리만 얘기하노 [3/1],2021-11-15 12:30:13,한두번도 아니고 개씹좆목갤러리임?
fulx fa10? [1],2021-11-15 12:29:43,"가격도 좋고 리뷰도 좋아서 살려고 했드만 배송료가 100달러에 페이팔비용이 따로 38달라? 들어오면 관세부가세.부대비용만 30만원 넘게 들겠노. 
답 없다 없어."
발더2도 죳구린가보네 [5],2021-11-15 12:29:01,ㄹㅇ
니들은 2년전부터 코덱 마케팅에 껌뻑 죽는거에서 발전이 없네,2021-11-15 12:28:57,"그러니까 짱깨 블투 리시버나 사지

걍 무선은 좀이라도 덱앰프 품질 좋은거 넣은 쪽이 음질 좋다

유선 덱앰프는 가장싼거사도 성능이 충분하고도 남고
그렇기에 과도기적 경쟁이 되는데

무선 덱앰프는 규모가 엄청 작기 때문에 어떻게든 저전력이면서도 고품질을 낼 수 있는 부품을 찾아야 함

그 다음으론 드라이버 성능

코덱 성능은 애플 aac초과면 걍 마케팅임

몇백메가하는 음원 무선으로 듣는거 자체가
저는 플레이어에 hr딱지랑 24bit 붙은거 보면서 음질딸 치면서
무선 열화 백배 된 소리 들을래요 이 뜻이지

막상 ldac는 조금만 무선품질 안좋아져도 바로 330k 품질까지 열화시키기 때문에 실사용 시 aac랑 별 차이 없음.

오히려 aptx hd가 집밖에서 사용하기엔 엘닥보다 좋은 점이 많음.

물론내가 스냅 인사이더즈 가입 고민 할 정도로 스냅드레곤 광팬이긴 한데

객관적으로 생각했다 생각 ㅋㅋ

이게 걍 팩트고 아몰랑 암튼 엘닥 좋아 글에 이제 반응 안해줌
- dc official App"
시발 자다깨서 660s 고민하고있노 [5],2021-11-15 12:25:57,"그러니까 짱깨 블투 리시버나 사지

걍 무선은 좀이라도 덱앰프 품질 좋은거 넣은 쪽이 음질 좋다

유선 덱앰프는 가장싼거사도 성능이 충분하고도 남고
그렇기에 과도기적 경쟁이 되는데

무선 덱앰프는 규모가 엄청 작기 때문에 어떻게든 저전력이면서도 고품질을 낼 수 있는 부품을 찾아야 함

그 다음으론 드라이버 성능

코덱 성능은 애플 aac초과면 걍 마케팅임

몇백메가하는 음원 무선으로 듣는거 자체가
저는 플레이어에 hr딱지랑 24bit 붙은거 보면서 음질딸 치면서
무선 열화 백배 된 소리 들을래요 이 뜻이지

막상 ldac는 조금만 무선품질 안좋아져도 바로 330k 품질까지 열화시키기 때문에 실사용 시 aac랑 별 차이 없음.

오히려 aptx hd가 집밖에서 사용하기엔 엘닥보다 좋은 점이 많음.

물론내가 스냅 인사이더즈 가입 고민 할 정도로 스냅드레곤 광팬이긴 한데

객관적으로 생각했다 생각 ㅋㅋ

이게 걍 팩트고 아몰랑 암튼 엘닥 좋아 글에 이제 반응 안해줌
- dc official App"
14.40 아저씨 짬에서 오는 바이브ㅋㅋ,2021-11-15 12:24:42,"그러니까 짱깨 블투 리시버나 사지

걍 무선은 좀이라도 덱앰프 품질 좋은거 넣은 쪽이 음질 좋다

유선 덱앰프는 가장싼거사도 성능이 충분하고도 남고
그렇기에 과도기적 경쟁이 되는데

무선 덱앰프는 규모가 엄청 작기 때문에 어떻게든 저전력이면서도 고품질을 낼 수 있는 부품을 찾아야 함

그 다음으론 드라이버 성능

코덱 성능은 애플 aac초과면 걍 마케팅임

몇백메가하는 음원 무선으로 듣는거 자체가
저는 플레이어에 hr딱지랑 24bit 붙은거 보면서 음질딸 치면서
무선 열화 백배 된 소리 들을래요 이 뜻이지

막상 ldac는 조금만 무선품질 안좋아져도 바로 330k 품질까지 열화시키기 때문에 실사용 시 aac랑 별 차이 없음.

오히려 aptx hd가 집밖에서 사용하기엔 엘닥보다 좋은 점이 많음.

물론내가 스냅 인사이더즈 가입 고민 할 정도로 스냅드레곤 광팬이긴 한데

객관적으로 생각했다 생각 ㅋㅋ

이게 걍 팩트고 아몰랑 암튼 엘닥 좋아 글에 이제 반응 안해줌
- dc official App"
karsh=라놀린+렬교,2021-11-15 12:22:35,"560s에 6xx 두개 살 생각이었는데
그냥 660s 한개만 갈까
- dc official App"
무튼 난 엘닥 찍먹해봤으니 천막포 팔고 팟3간다 [1],2021-11-15 12:22:04,k렬교ㅋㅋ
난 AAC랑 LDAC 차이 좀 많이 느껴지던대.. [5],2021-11-15 12:19:50,ㅋㅋㅋㅋㅋ
이번에 헤드셋 고장나서 무선으로 샀는데 [1],2021-11-15 12:19:10,"aptx hd도 솔직히 aac랑 비슷하게 들림
디렘 qcy가 음질 ㅈ구린건 aac문제가 아니라
덱앰프가 꽃게칩에서 만든 일체형 싸구려 끝판왕 들가서 그렇지
그 다음으론 구린 hf드라이버

- dc official App"
aac 넘 무시하네 [4],2021-11-15 12:15:50,xm4로 ldac 처음 썻을 때의 놀라움은 아직도 잊을수가 없어..
r70x 에서 hd660s 어떰 [1],2021-11-15 12:12:03,"클라우드2 유선 5년 잘쓰다가 사운드 컨트롤박스가 이번에 두번째로 고장나서 하엑클2 무선으로 하나 새로 샀거든

근데 따로 usb 연결 없이 헤드셋 전원만 켜도 화이트노이즈 들리더라

심지어 그걸 usb 연결해서 실사용까지 하니까 귀 아파서 교환신청 했단말이야??

구매처 교환신청 문의 답변 왈 '극히 일부의 제품들만 문제' 고 대부분은 사용자 환경 문제라면서 구매후기 링크 달아주고

테스트 해주기는 할텐데 사용자 문제면 교환, 반품 비용은 니가 내야돼요~

라고 으름장놓듯이 말하는데 이거 테스트 제대로 해주기는 하냐

내가 뭐 가족들 착용 후기까지 동반해서 화이트 노이즈 들리는거 맞다고 보내도 그쪽에서 테스트 해봤는데 아무 문제 없네요 하고 발빼면 뭐 어찌 할 도리가 없는거 아님?

헤드셋은 헤드셋대로 못쓰고 교환은 교환대로 못받을까봐 걱정이다"
에어팟 청음 후기,2021-11-15 12:11:37,"탄생 배경부터 알고리즘이나 효율까지

근본 중 근본인데

애초에 엘닥 그거 aac 워런티 낼 돈없어서 만든거임

무선 aac코덱으로 솔직히 320k수준의 cd음질은 전혀 손실없이 전송가능함

굳이 무선에서 몇백메가 하는 음원을 들으려하니

계속해서 재압축 들어가는거지

결국 이헤붕이 문제

솔직히 엘닥도 방구석에서 듣는거아니고 대중교통이나 길바닥에서 들으면 330k정도 수준으로 재압축하는건 안비밀

물론 aac가 기기별로 성능차이가 좀 크긴한게 약점인데
걍 애플기기 쓰면 댐
- dc official App"
소니 불매운동 시작합니다,2021-11-15 12:11:35,"r70x 잘쓰고있는데

할인한다니까 뽐뿌오네

잘쓰고있으면 굳이 바꿀필요 없겠지?
- dc official App"
김재앙군은 군대반품이고 아동센터미만이라 몇번 말하는지,2021-11-15 12:11:28,"해상도 좋음 ㅇㅇ xm4 싸대기 때리고

저음도 ㅇㅇ 좋다 근데

무거운게 젤 단점임 끼자마자 느껴지는 묵직함... 이래서 쓰고다니겠나 싶음
- dc official App"
aptx랑 aac는 음질 확 차이나는데 [3],2021-11-15 12:07:21,앞으로 소니제품 구매시 친일 매국노이로 간주합니다
qc45 유선 연결 시 음질 질문,2021-11-15 12:07:14,"후후
- dc official App"
상담사가 전화 첫 마디가 네 ㅇㅈㄹ.. [7],2021-11-15 11:57:10,aac랑 ldac는 그닥
이거 선꽂아놔도 소리들림?,2021-11-15 11:52:00,"게임할 때 지연시간땜에 사블g6에 물려 유선으로 쓰고 있는데

내가 알기로는 헤드셋 유선일 때는 패시브모드로 동작해서 코덱 상관없이 외장 덱 따라가는 건데

qc45 전원켜서 노캔 켜버리면 여기서 자체 코덱으로 손실 된 거를 들려주는 건가??

유선음질도 무선이랑 동일한거면 살짝 슬플거 같아서 물어봄"
660s 정보 준 친구 고맙다 [3],2021-11-15 11:51:59,"어디어디 회사 상담원 누구입니다까지는 기대 안해도

어디어디 회사입니다 이래야되는거 아님?


전화거니깐

상담사:네

나: 내가 혹시 거기 어디어디 회사 맞죠?

상담사: 네


ㅋㅋㅋㅋㅋㅋㅋㅋㅋㅋㅋ 뭐하자는건지 제품 문의하려고 전화했는데 어이털림

어디인지는 넷상에 괜히 쓰고 싶지는 않지만

최소한의 기본은 좀 해야지.. "
aptx는 저지연코덱이고 음질은 별로라고 몇번을 말하냐 [3],2021-11-15 11:49:42,ㅇㅇ?
망할택배 이제야 왔네 [2],2021-11-15 11:49:18,이렇게 구매 했는데 제대로 한거 맞지?
아 800s 샀다 ㅋㅋ,2021-11-15 11:49:18,"aptx hd나 ldac도 무손실 딸딸이를 위한거고

aac도 걍 쓰기엔 320k음원정도 뽑아주니 노상관

근데 지금 현 시국은 소니 필두로 고사양 코덱 탑재한 이어폰들이 그거 자랑하려고 ldac에 개빡쌔게 튜닝을 해놔서

aac랑 후천적인 차이를 만드는 중

aac도  구조 자체는 음감 목적으로 개발된 코덱이고 음악 듣는데 아주 충분하다고 박사님이 그러심

레드손 사장도 똑같이 말하더만

박사님은 아이폰x쓰더라

압축해제 알고리즘 차이로 aac로 쓰기엔 안드보다 아이폰 훨낫대


- dc official App"
정전형,2021-11-15 11:46:42,하
빨리 애플이 맥세이프 표쥰규격하고 충전단자 없애면 좋겠다 [2],2021-11-15 11:41:55,"헤드파이 한 지 얼마 안되었을때 지르고 실망해서 방출했었는데

덱앰 업글한 지금은 얘기가 다르다 이 말이야.."
(진지) 4-50대 주부들 구매력이 어느정도냐? [2],2021-11-15 11:41:19,"헤드파이 한 지 얼마 안되었을때 지르고 실망해서 방출했었는데

덱앰 업글한 지금은 얘기가 다르다 이 말이야.."
GSP370 구매하려고 하는데,2021-11-15 11:39:47,"이어폰 쓰거나 들어본 갤럼있어?
추천좀 해줭
AVICII"
군바리 점심짬밥 [13],2021-11-15 11:36:02,"이어폰 쓰거나 들어본 갤럼있어?
추천좀 해줭
AVICII"
형들 이거 쓸만함? NW-A55 [7],2021-11-15 11:34:14,"그럼 흑우 이헤붕이 꽁다리는 걍 똥되지 않겠냐 ㅋㅋ
- dc official App"
10만원대 이어폰 추천 부탁드립니다 [5],2021-11-15 11:33:28,"뭐 20대들 명함 내밀기도 힘들고 

30대 직장인들 조차 후려팸? 

트롯관련 매출보고 놀래서 ㅇㅇ
- dc official App"
유선 헤드폰 = 음부 불가능 [1],2021-11-15 11:32:53,300g 미만+소프트웨어 가벼움+무선+조절식 헤어밴드 만족하는 제품이 이정도인것 같은데 구매해도 될까요?
막귀 wh 1000xm4 pc 연결해서 할만함? [5],2021-11-15 11:30:57,"삼양라면 매운맛에 수육 죽이네 ㅇㅇ..

김치는 외갓집에서 지난주 주말에 담근거

후식은 메로나

다들 맛점~"
마이너 무나하러 간다 [13],2021-11-15 11:26:07,"나 이어폰만쓰고 오라베티o400 쓰거든 처음사는 DPA인데 ㄱㅊ으려나? 배터리 조루라곤하는데 오래쓰면 3시간이라 상관없을꺼같음 그건
게다가 귀칼 에디션이라고..못참지 ㅋㅋㅋ 근데 다들너무 별로라고하면 안살려고 가격은좀비싸더라
배대지라 거의 35.. 보니깐 저거 20정도면 새거구하더만 ㅋㅋㅋㅋㅋ
너무별로면 안살려고 짜피 반년뒤 군대도가는데 뭐


내가사려는검정색 네즈코각인 어떰? ㅅㅌㅊ?"
착용감 존나 좋은 헤드폰 없음? [11],2021-11-15 11:24:34,"주로 사용할 곳 : 집


가격대 : 10만원대


음악 장르 : 락, 그 중에서도 펑크, 포스트 펑크, 뉴웨이브 등 펑크 파생 장르



ie300같은거 사려고 했는데 그지새끼라 30도 없습니다... 저음 양감 괜찮은거로 추천 부탁드립니다.
- dc official App"
액정 팔으려고 포장함 [1],2021-11-15 11:24:15,"소스기기 키고 덱앰프키고 선연결하고
정자세로 앉아서

이게 도대체 뭐하는 짓이냐? ㅋㅋ

차라리 홈팟을 사지 진짜

헤드폰도 언제 어디서나 꺼내서 고개 까딱거리면서 즐기다가

쉽게 정리 가능해야 섹스임

음악을 즐기려면 우선 편해야 한다

그래서 팟맥스 1000xm4 qc45 모멘텀 900레거시 중 하나 사는게 나음 ㅋㅋ
- dc official App"
에어팟3 케이스 검색하는데 행복하다,2021-11-15 11:23:20,"원래 헤드폰 잘 안써서 560s 샀다간 창고에 박힐까봐

그나마 무선이랑 노캔이라 활용도 높은 wh xm4로 사려고하는데 

밖을 잘 안나가서 주로 사용은 pc위주로 할꺼같긴함 


찾아보니 pc에 물리면 코덱이 sbc로 잡혀서 별로라는데 어느정도 별로인지를 모르겠음


막귀 수준은 스피커로 치면

페블에서 브리츠1600로 바꾼건 체감이 됬는데 

브리츠에서 jbl 305p로 바꾼건 엄청 좋아진건 못 느끼겠고 

화노는 한 3일정도 들리다가 뇌이징당해서 안들리는 정돈"
난 이어폰 소리는 만족이 힘든데 [5],2021-11-15 11:21:20,"꼬다리도 같이 준다캄 ㄷㄷ








- dc official App"
가성비 이어폰 없어? [13],2021-11-15 11:19:33,"보스qc 시리즈에 길들여지니까 (현재 35 쓰는중)

다른거 청음샵 가서 껴도 귀랑 대가리, 정수리 너무 아픔

보통 음감하면 3시간 이상 듣기도 하고 그러는데

60만 이하 좋은거 없나

보스qc45는 옆그레이드라하고 

아예 집에서 들을 용도로 살까 싶음"
Xm4 ldac 개쩐다 [1],2021-11-15 11:17:35,"아무래도 평판 저음은 d8000같은 예외를 제외하면 대체로 나랑 안맞는듯...

dd만 사야겟다."
안녕 [8],2021-11-15 11:13:07,"예구가 좋은게 2주~한달동안 설렘이 유지된다는거임

원래 뭐든 뜯어보기 직전이 제일 이뻐보이는 법
- dc official App"
hd660s hd800s [4],2021-11-15 11:10:28,"에티모틱 수월우 qdc
비전이어스 ve8, 소니z1r,ex1000등
들어 봤지만

좋긴 좋고 이어폰만의 매력은 분명있긴한데

소리적으로 헤드폰에겐 미치지 못하더라

공간감부터 좀 차이나고
듣는맛이 좀 덜해


100이상 가격대 나가는건 저렴한 헤드폰보다야
나은 성능이긴한데

헤드폰도 가격 좀만 올리면 훨씬 좋아져서
가격대비 성능도 아쉬운편임


대신 이어폰만의 맛이란것도 있음

톤밸이 비슷해도 헤드폰과 이어폰은 전혀 맛이 다름

그리고 이어폰은 미니멀한게 이쁜건 진짜 이쁨
그에비해 헤드폰은 투박하지

오히려 코드리스가 편하긴 편해서
아웃도어 이어폰은 코드리스로 퉁치게 되는것같음"
릴덱 시스템 꾸리고 싶다... 마스터 테이프 많이 사고 싶다,2021-11-15 11:09:33,50만원짜리 소리를 20만원 언저리에서 들려준다거나 뭐 그런 가성비 이어폰 있을까?
이게 정품일 것 같냐??? [3],2021-11-15 11:08:58,안들렸던 드럼소리가들리네 ㄷㄷ
이런 씹 내가 직구하고 나니까 판매한다네 ㅋㅋ [7],2021-11-15 11:08:47,좋은 아침!
영디비 뭐냐?> [1],2021-11-15 11:02:29,오
"버즈프로, 리버티3프로, 톤프리ftp8 중 고른다면?? [3]",2021-11-15 10:54:50,LP 모으는거 보다 저런 거 하고 싶은데 문제는 음원이 진짜 남아있는게 별로 없다는게 참
바쿤 cap-1001 궁금한데,2021-11-15 10:53:14,배송비도 없는데 이 가격이 나올 수가 있나??
lg c타입번들 < V30번들짭,2021-11-15 10:52:40,ATH-HL7BT 관심있으신분들 공식 수입처에서 판매한다니까 사세요~
고수 형님들 이거 두개 무슨 차이인가요 560s [7],2021-11-15 10:51:34,ATH-HL7BT 관심있으신분들 공식 수입처에서 판매한다니까 사세요~
이런 씹 내가 직구하고 나니까 판매한다네 ㅋㅋ [7],2021-11-15 11:08:47,ATH-HL7BT 관심있으신분들 공식 수입처에서 판매한다니까 사세요~
영디비 뭐냐?> [1],2021-11-15 11:02:29,가입안하면 검색도 못하게 막아놨네?
"버즈프로, 리버티3프로, 톤프리ftp8 중 고른다면?? [3]",2021-11-15 10:54:50,"맨날 싸구려쓰다가
이번에 그나마 조금 비싼거 써보려고하는대
그나마 뭐 추천함??
기능보면 리버티인대 이거 완전 프랑켄이던대 광고사진보니까..실착하면 개흉할려나"
바쿤 cap-1001 궁금한데,2021-11-15 10:53:14,"다들 뭉뚱그려서
특색있는 소리다
라고 하는데 그 특색이 어떤건지 알려줄 수 있음?"
lg c타입번들 < V30번들짭,2021-11-15 10:52:40,넹
고수 형님들 이거 두개 무슨 차이인가요 560s [7],2021-11-15 10:51:34,"아마존에 560s 치니까 이거 나오는데 무슨차이인지 모르겠네요
- dc official App"
ie300 어뎁터 추천 부에이오닉탁드립니다 [1],2021-11-15 10:51:32,"에이오닉215에 ie300 박아서 쓰고 싶은데 ie300이 일반 mmcx 호환이 안되는걸로 알고 있거든요...

아시는 어뎁터 있으시면 알려주시면 감사하겠습니다 ㅠㅠ
- dc official App"
lg c타입이 쿼드비트보다 좋음? [1],2021-11-15 10:49:53,"에이오닉215에 ie300 박아서 쓰고 싶은데 ie300이 일반 mmcx 호환이 안되는걸로 알고 있거든요...

아시는 어뎁터 있으시면 알려주시면 감사하겠습니다 ㅠㅠ
- dc official App"
좋아하는,2021-11-15 10:48:01,쿼드비트 134 쓰다가 입문으로 뉴아리아 샀을때 체감 있던데 번들 그것도 쿼드비트 수준 아님?
50이상으로 이어폰 추천좀 [2],2021-11-15 10:47:51,겨울 햇빛
젠덱하고 hd660s 구성좀 봐주세요. [9],2021-11-15 10:42:34,"보컬이좀 잘들렸으면 하는데..
- dc official App"
야 검색해보니까 팟맥스 무조건 aac라던데 진짜임? [5],2021-11-15 10:37:36,"지금 현재 사용하고 있는 구성이 위에 그린거인데요.

PC하고 플스하고 번갈아가면서 사용하는데 선바꿔끼기 귀찮아서 저렇게 사용하고 있습니다.

위의 구성에서 사블G6을 젠덱V2로  6XX를 HD660S로 바꾸려고 합니다.

바꿨을 시 위처럼 연결해서 사용해도 문제 없나요?

플스나 PC에 직결해서 사용하는 것보다 음질 등에서 차이가 있을까 염려됩니다."
lg c타입샀다 좋은정보 ㄱㅅ [12],2021-11-15 10:33:04,"그럼 내가 여태까지 애플뮤직으로 alac 설정해서 들어왔던건
전부 해골물이었던거냐?? 시발

검색해보니까 팟프로 팟맥스 전부다 무선음감시 AAC라던데
진짜로?


저거사서 유선하면 유일하게 alac되는거고?
- dc official App"
에어팟프로 지금 가격이맞냐??,2021-11-15 10:31:45,"안그래도 유선하나 필요했는데 싸게 잘 샀다 무배 7500 ㄷㄷ
ㄱㅅㄱㅅ"
로지텍 g333 이어폰 쓴 사람 있음?,2021-11-15 10:29:07,"어째 예전보다 비싸진거같냐


나온지 오래된건데 대단하네


27 30ㅋㅋㅋㅋㅋ"
아웃도어용으론 ㄹㅇ xm4좋네;;,2021-11-15 10:28:38,로지텍 허브 때문에 로지텍꺼 살려는데 성능 어떰???
엘지 c타입이어폰 이거맞음? [4],2021-11-15 10:24:39,"노캔좋으면 얼마나좋겠어하고
M50xbt 샀다가.
도저히쓸수없어서
Xm4 샀는디
ㄹㅇ 노캔 개쩌네 ㄷㄷ
버스 진동음 거의다막아주네
아웃도어용으로 개좋음
음질이 m50xbt보다 아쉽긴함;"
헤드폰 하나 사려는데 [11],2021-11-15 10:23:26,
택배 9개 보내는데 40분걸림 ㄹㅈㄷ [2],2021-11-15 10:22:19,뭐 주렁주렁 다는거 별로 안 좋아보여서 헤드폰 하나만 있어도 되거나 달아도 좀 간단한거 만 달아도 쓸만한 헤드폰 있음? 가격은 3-40 많으면 한 4-50즈음으로 
장이유찡 [5],2021-11-15 10:15:48,"후. .
- dc official App"
버즈2 한쪽 착용인식이 안되는데 자가진단 어캐하냐,2021-11-15 10:12:46,디바이스 이름 클릭하라는데 좀지난글이라그런가 항목이 사라졌던데
운동할 때 블루투스 이어폰 뭐가 좋을까 [1],2021-11-15 10:05:08,곧 생일이라 동생이 사준다는데 추천 좀
uapp mqa재생 돈 더받내 [14],2021-11-15 10:03:23,5500원더내래
워크맨 밖에서도 스트리밍 가능해?? [6],2021-11-15 10:01:23,"아니 워크맨 3g 4g 5g로 다 구글링해보는데 검색결과가 없노 ;;; 와이파이는 될테고 당연
와이파이 없는 곳에서 들을람 다운받아야 하는데 그럼 사클 믹스 같은거 못듣잖아
밖에서 ㄱㄴ?"
헤드셋 샀눈데 이거 충전중에도 소리 들을수있나?,2021-11-15 10:00:44,"아직 안왔는데 컴터용으로쓸거임 동글에 연결해서 쓸건데
충전중에도 소리 들리는가해서"
시발! [15],2021-11-15 09:56:47,- dc official App
지듣노 [4],2021-11-15 09:44:40,땃쥐짐
에어팟 맥스 되팔램하냉 [1],2021-11-15 09:42:37,"32에 산거 당근에 48에 파네
어떻겣될지 팝콘잼
- dc official App"
WF XM4 21.4인데 바로 사? [11],2021-11-15 09:36:48,"ㅇㅇ?
- dc official App"
태블릿 크기는 점점 커지는데 슬링백 크기는 여전히 작네,2021-11-15 09:34:18,"겆패도 요즘은 10.2인치 디스플레이 달고 나오고
에어, 프로 모두 11인치 크기부터 나오는 시대인데

아직도 많은 브랜드들의 슬링백들 보면
태블릿 슬리브(9.7인치 태블릿 수납가능)
이런식의 사실상 있으나 마나인 좆만한 크기인 슬링백들이 많더라...

나는 패션업계가 세상에서 가장 트렌드에 민감한 업계일줄 알았는데 현실은 세상에서 가장 둔감하고 보수적인 업계였음

실망임

당연한 얘기지만 12.9인치 아패프로나 13인치 맥북 수납할 수 있는 슬리브가 탑재된 슬링백 찾을려면 aer, peak design, waterfiled design, incase 4개브랜드 제외하면 없음ㅇㅇ(재밌는건 4개 브랜드 다 샌프란시스코에서 시작한 미국 브랜드임)

이래서 시발 예체능 딴따라 새끼들은 현대산업에 도움이 안되는 인간폐기물들임"
ie300 실리콘 이어팁 진심 개 병신 쓰레기 폐기물임 [2],2021-11-15 09:30:35,"겆패도 요즘은 10.2인치 디스플레이 달고 나오고
에어, 프로 모두 11인치 크기부터 나오는 시대인데

아직도 많은 브랜드들의 슬링백들 보면
태블릿 슬리브(9.7인치 태블릿 수납가능)
이런식의 사실상 있으나 마나인 좆만한 크기인 슬링백들이 많더라...

나는 패션업계가 세상에서 가장 트렌드에 민감한 업계일줄 알았는데 현실은 세상에서 가장 둔감하고 보수적인 업계였음

실망임

당연한 얘기지만 12.9인치 아패프로나 13인치 맥북 수납할 수 있는 슬리브가 탑재된 슬링백 찾을려면 aer, peak design, waterfiled design, incase 4개브랜드 제외하면 없음ㅇㅇ(재밌는건 4개 브랜드 다 샌프란시스코에서 시작한 미국 브랜드임)

이래서 시발 예체능 딴따라 새끼들은 현대산업에 도움이 안되는 인간폐기물들임"
클레어 모나크가 가성비 역대급이긴 하네 [4],2021-11-15 09:18:41,"폼팁은 그나마 괜찮은데
실리콘팁은 걍 씨발 내가 집구석에 있는 고무장갑 뜯어다가 만들어도 
그것보단 잘만들듯

사이즈도 개 좆병신처럼
스몰 미디움 라지가 아니라

개씨발 스몰  미디움  개좆라지임 "
요즘 장터에 올라오면 반갑지만 웃기는것,2021-11-15 09:15:59,rs10이랑 취향차로 갈릴수준임
DK카페 씹아재한명땜에 개망한거 개웃기네 [3],2021-11-15 09:11:58,"부르비트, 뽀리차개조"
ie300 이랑 ie400pro 랑 단자가 같나요?? [1],2021-11-15 09:07:54,아재혼자서 도배를하노 아 ㅋㅋㅋㅋㅋㅋ
소신발언 [6],2021-11-15 09:02:53,"에이오닉 215에 ie300 물리고 싶은데, 제가 알기로 ie300 단자가 일반 mmcx 랑 안 맞는걸로 알고 있거든요...

변환 단자가 있어야 될 것 같은데 찾다보니 ie300용은 따로 없는 것 같고
ie40 이랑 ie400 용은 있던데 이게 호환이 되는지 모르겠습니다ㅠㅠ

도와주세요!!!
- dc official App"
진짜 개급해서 물어본다 에어팟 프로 [2],2021-11-15 08:50:20,"C번들보다 쿼드비트가 더 좋아

ㅋㅋ

ㅋㅋ

C번들 ㅋㅋ"
룬은 언제 애플뮤직 지원하냐 ; [1],2021-11-15 08:26:47,아무리 뚜껑을 열고 뒤에 버튼을 눌러 제껴도 페어링이 안된다.. 삼성으로 에어팟 서서 뒤에 버튼 세게 눌라줘서 이자식 뒤에 자극을 줘야 되는데 초기화 할라그래도 깜빡이지도 않고 흰불 길게 들어오더니 걍 꺼짐 페어링할때도 똑같음
보스qc45 포인트다합치면 29아니었어?,2021-11-15 08:16:34,"이것만 지원하면 바로 애플뮤직으로 갈아탄다 ㅇㄱㄹㅇ


- dc official App"
오리베티는 뭘 내놔도 쓰레기만 내놓네,2021-11-15 08:06:46,"이것만 지원하면 바로 애플뮤직으로 갈아탄다 ㅇㄱㄹㅇ


- dc official App"
저번주엔 별 생각 없었는데 [1],2021-11-15 08:06:02,왜 개봉해서 사용한 중고가 34만원인거지
이거 욀케 거대함 [12],2021-11-15 07:57:52,"셰에 입점할때 내놓은것들부터 죄다 저음 저음 저음
선택지가 너무 많은데 공구빨로 먹고 사노"
오픈형 블루투스는 에어팟 2세대가 답인거 같다,2021-11-15 07:57:02,"헤드폰 안쓰던 사람이 주말 내내 hx로 음감하다가 출근길 버즈프로 끼니까 음질 그 보컬 목소리 뭉개지는거같고 이거 맞냐

역체감 큰일났네
- dc official App"
흠 내 개인적인 느낌 중국 미국 한국 [2],2021-11-15 07:35:25,존나 크네 내 꼬츄보다 클 거 같은데
R70x 질러볼까... [4],2021-11-15 07:24:23,"한 2년? 썼더니 지겨워서 딴거 좀 써볼라했더니

출근길 지히철역에서부터 전내게 ㄴㅎ기네 씨발


- dc official App"
상큼한 아침의 지듣노 [4],2021-11-15 07:19:42,"중국
일단 원전 왕창세우고 소득도 낮지만 결과적으로는 물가도 싸서 ㄱㅊ


미국
역시 세계에서 원탑하면 미국아니겠냐
여기도 우리나라처럼 과잉열이 심해서 연기,악기이런거 배운다하면 돈많이든다고 들음


한국

국뽕티비 미국이 한국에 머리를 조아리고있고 전세계가 놀라고있다?!

현재 전세계가 놀란이유 중국이 한국에 종속하고싶다고 밝힌 이유


이딴게 조회수 150만이따구니까 ㅋㅋㅋ뻔하지않냐?

뭐랄까 일단사람들이 부러우면 부럽다고 인정해야하는데

졸렬함

정치권은 사실 민주당이니 국민의힘이니
지들끼리 땅따먹기하는거임 이거 명심해라
(오늘은 너가 악당해 내가 정의의편할래
다음에는 내가 악당할게)
그러니 나라가 병신되가는데 이유있는거지"
중저가형은 타임리스가 그렇게 좋음 모나크만큼은 애바고? [2],2021-11-15 07:14:04,"중국
일단 원전 왕창세우고 소득도 낮지만 결과적으로는 물가도 싸서 ㄱㅊ


미국
역시 세계에서 원탑하면 미국아니겠냐
여기도 우리나라처럼 과잉열이 심해서 연기,악기이런거 배운다하면 돈많이든다고 들음


한국

국뽕티비 미국이 한국에 머리를 조아리고있고 전세계가 놀라고있다?!

현재 전세계가 놀란이유 중국이 한국에 종속하고싶다고 밝힌 이유


이딴게 조회수 150만이따구니까 ㅋㅋㅋ뻔하지않냐?

뭐랄까 일단사람들이 부러우면 부럽다고 인정해야하는데

졸렬함

정치권은 사실 민주당이니 국민의힘이니
지들끼리 땅따먹기하는거임 이거 명심해라
(오늘은 너가 악당해 내가 정의의편할래
다음에는 내가 악당할게)
그러니 나라가 병신되가는데 이유있는거지"
이어폰은 확실히 이압 적은게 좋더라,2021-11-15 06:38:09,"네이버멤버쉽 데이터 24만원이면 신품 사는데...

예전에 직결로 들어서 깡통소리만 기억나서 거치형 앰프에서 소리가 궁금하기는 함.

찍먹하고 22에 던지면 팔리려나..."
속삭이는 노래 있는데 와 저엇같다,2021-11-15 06:34:45,"매우 상큼하다캄 ;

- dc official App"
좆같다 [1],2021-11-15 06:28:24,"ㅇㅇ
- dc official App"
이어폰은 확실히 이압 적은게 좋더라,2021-11-15 06:38:09,"이어폰 낄 때 이압 생기면 거슬려서 쓰기 싫어지더라ㅇㅇ 아무리 음질이 좋아도 이압이 적어야해
- dc official App"
속삭이는 노래 있는데 와 저엇같다,2021-11-15 06:34:45,"이어폰 낄 때 이압 생기면 거슬려서 쓰기 싫어지더라ㅇㅇ 아무리 음질이 좋아도 이압이 적어야해
- dc official App"
좆같다 [1],2021-11-15 06:28:24,"https://youtu.be/HAnXIIv5He8


남자는 듣지마라.."
8d 오디오중에 한국께 젤 나은거 같네,2021-11-15 06:27:20,씨빌
"[후기]LG C타입 가성비지만, 올려치기가 좀 넘 심한데? [37]",2021-11-15 06:14:23,씨빌
ㅆㅂ 버즈2 쓰는데 한쪽 자꾸 지지직 거리는거 어카냐?? [6],2021-11-15 06:03:15,"다른외국 노래는 소리가 중간이 비네
이중에 듣고 싶은거  듣기요
- dc official App"
"찾아봤는데 xm4랑 에이오닉 50?,모멘텀3 [9]",2021-11-15 05:40:46," 원래 가격인 2만3천원에서 사도 괜찮고 잘 만든 가성비 이어폰이라고 생각함. 또 공홈에서 판매하기 때문에 번들 가품에 속을 일도 없고!

하지만 갤 보면 KSC75나 디렘 E3 올려칠 때를 보는 것 같음. 그럼 내가 느낀 LG C타입 얘기해볼게


1. 착용감 : 아주 좋음
 외형은 평범함을 넘어 투박한데, 귀에 꽂았을 때 편하고, 고정도 잘되서 좋았음.
 묘하게 톤프리를 착용하는 느낌이었달까?
  근데 C타입을 제조한 회사는  G6~G7에 들어가던 쿼드비트3를 만들던 부전전자고, 톤프리를 만든건 블루콤이라 연관성이 없음
 부전전자가 이전 쿼드비트처럼 총알형으로 만들었다면, 기존에 좋았던 쿼드비트 계승 한다는 이미지를 잘 나타내서 마케팅 적으로 좋았겠지만
 위에 언급한 착용감을 가져갈 수 없었을 것이라 생각함. 개인적으로 이어폰에서 아무리 좋은 소리를 내줘도, 끼고 싶지 않으면 의미가 없다 생각함.

 2. 이압 :  조금 있는편 (차음 좋음)
 기본 이어팁 말랑하고 얇은 실리콘이어서 그런건지 이유는 잘 모르겠는데 기본 이어팁 상태에는 이압이 조금 있었음. 난 안 쓰는 파이널E팁이 있어서 바꿔주니까 해결이 됐는데, 교체할 팁이 없다면 글쌔? 7천500원짜리에 쓸려고 파이널e500을 사거나 팁을 따로 구매한다? 그건 좀 에바 같아서 이 부분은 사람에 따라서 단점이 될 수 있겠다 생각이 됨

 3. 성향 : 플랫한 사운드(하만 타겟) 
 원래 가격인 2만원 언저리에서도 플랫한 성향의 이어폰은 거의 못 봤던 것 같음. 저가형일 수록 저음을 늘리거나 고음을 부스팅해서 드라이버의 단점을 감추거나, 많은 사람들한테 선호 될 수 있도록 펀사운드 쪽으로 만드는 것 같던데, 그런 의미에서 요 가격대에 플랫한 성향은 의미가 있다고 봄. 

 저가형에서 어줍잖은 가성비 차이 파이라는 것들(ex. Kz, CCA, 듀만콘뎀류)을 입문용으로 쓰면 자극적이고 왜곡된 소리를 올바른 소리라고 착각할 수 있다고 생각을 함. 그리고 경험상 CCA 이어폰 쓰다가 이명 와서 1달간 병원 다녔어서... 입문할 때는 플랫한 이어폰으로 자기 성향을 찾아가는 게 좋지 않나 싶음. 
나 처럼 플랫한 성향 좋아하는 사람에게는 저가형에서는 몇 없는 선택일 수 있고! + DF 타겟 플랫을 좋아하는 사람이라면 밝다고 느낄 수 있음

청음한 곡 : 
https://youtu.be/74_yqNBhQbA
(비청은 HD650, 쿼드비트3, ksc75, 에티키즈로 했음. DAC/amp : 토핑 e30/ 레만 리니어 복각 C타입은 USB C to A젠더 꽂아서 컴터에 연결)

4. 공간감 : 매우 좁음
귀에서 2cm? 정도로 좁음.  그래도 소리 위치는 생각보다 잘 표현됐고, 좁아서 전체적으로 소리가 가까이 들려서 좋았음. 
특히 후렴에 백예린 목소리랑 코러스가 같이 부르는 부분에서 백예린 목소리는 가운데서 가깝게 나오고 코러스는 양 옆에서 받춰주니까 음감할 때 좋았음. 
다만, 잔향감도 적어서 드럼 심벌이나 기타 핑거링 부분에서 좀 그래...

5. 전체적인 소리
 저음/ 중음/ 고음 적당히 고르게  잘 나와줘서 좋았음. 소리에서 호불호 갈릴 부분은 저음 쪽인 것 같음.(고음은 E팁 끼고 들어서 그런지 무난)  
  단단한 돌 저음 좋아하는 사람들에게는 좀 퍼지는 저음이라고 느낄 수 있는데, 저음 양감이 없는 것도 아니고, 소리가 왜곡되서 나오는 것도 아니라서 취향에 갈릴 것 같음. 가끔 저음 단단하고 밀도감 좋은데, 정작 드럼 소리가 곰보 먹은 것처럼 팽팽한 소리가 아니라 좀 처지는 소리가 나는 애들이 있더라고... 그런 것보다는 좀 퍼지더라도 팽팽한 드럼 소리가 좋지 않나 난 그렇게 생각해서!

6. 해상도, 분리도 : 평범/ 분리도는 글쌔?
 이게 갤에서 싸우는 부분 같은데, 막 좋지도, 나쁘지도 않고 걍 가격대 맞춰서 평범한 것 같은데? 20만원 위를 후두려 팰 수준은 아니고 쿼드비트3에서 좀 개선 됐다 정도? 위에 백예린 노래 중에 작게 기타 피킹하는 부분이나 작게 치는 심벌즈, 기타 멜로디는 쿼드비트3보다 잘들려서 좋았음,.

그런데, 1분 30초에 ""아스팔트 도시 위로~"" 하고 드럼, 심벌, 베이스 연주, 기타 연주 살짝, 심벌 이렇게 1분 38초까지 나오는데, C타입은 드럼 소리랑 베이스 멜로디랑 뭉쳐서 흐릿하게 들림. 그래서 베이스 멜로디가 어물쩡 넘어가고 연주 막바지에 손가락 튕기는 소리만 나더라고. 위에서 말한 잔향감도 적어서 심벌이랑 기타 부분도 들리기는 하는데 좀 빨리 잘리고... 백예린 노래가 부드러워서 그냥 저냥 좋게 들었는데 저음이 여러 개 동시에 나오는 음악을 좋아한다면 분리도 나쁘다고 느낄 듯?

 그래서 분리도가 막 좋은 이어폰은 아니라 생각을 해. 고가 이헤폰이랑 비교를 떠나서 이건 KSC75도 베이스 멜로디 들렸고, 저음 약한 에티키즈에서도 베이스 멜로디는 잘 들렸음.

7. 터치 노이즈
 케이블이 빳빳한 슬리빙 케이블이라서 스치면 스치는 소리 다 들어옴. 쿼드비트도 이것 때문에 오버 이어로 착용하기를 권장했던 것 같은데, 이건 쿼드비트처럼 총알형이 아니니까 불가능. 착용감을 얻으면서 잃은 부분이라 생각함. 케이블은 짱짱해서 내구도는 좋아보이더라    

8. C타입 호불호? PC용으로는 어떨까?
 C타입이라서 DAC 내장형이라 어떤 안드로이드에서 화이트 노이즈 없는 준수한 소리를 내줄 수 있다는 장점이 있는데, 스마트폰에 꽂아놓고 쓰다가 실수로 떨어트려서 C타입 단자 좀 야마난 적 있어서... 충전 및 데이터 전송을 해야하는 C타입 단자에 뭐 꽂아 놓고 쓰는 걸 별로 안 좋아함.

 나 같은 사람이라면 C to A 젠더를 사서 컴터에서 쓰는 것을 추천.
 메인보드에 3.5mm 직결 하는 것 보다는 dac 내장형이니까 화노 걱정도 없이 유튜브랑 게임 할 때 간단하게 쓸 수 있을 것 같은데?
 마이크도 달려있어서 (볼에다가 마이크 테이프로 붙여서) 게임할 때 쓰면 좋을 듯? 
  9. 결론
  7만원 언더에서 착용감 좋고, 플랫한 이어폰을 찾는 다면 좋은 선택지라 봄. 그리고 LG C타입의 캐릭터는 ""해상도나 분리도가 막 특출난 이어폰이 아니라
 저가형에서 플랫 성향에 변형 없는 소리를 들려주는 가성비 이어폰""이라 생각을 해. 

 다만 요즘은 편의성 때문에 사람들이 무선 이어폰을 많이 쓰니까 메인 이어폰이 아니라, 싼 가격에 서브로 챙겨서 유튜브 영상 감상(사운드 녹음해서 들려주는 리뷰 같은 것 들을 때, 플랫한 거 있음 좋을듯?)아니면 누워서 ASMR이나 음악 들을 때, 혹은 PC에 사용 하는 용도로

 이어폰 입문자면 하나 가지고 있으면, 앞으로 이어폰 비청할 때 기준점으로 삼아도 좋을 듯. 내구도도 좋아 보이니까 오래 오래 쓸 수도 있을 것 같고(KZ, CCA 쓰지마!!)

고가 이어폰 많은 사람들은 필요한지 알아서 판단하고~~~ 대부분 이헤겔 사람들은 여기에 해당하지 않을까?  7,500원에 번들이 어디까지 왔나, 한순간의 여흥을 즐기는 정도? 20만원급! 30만원급! 막 올려치지는 말자!
 

 * 글고 나 막귀니까 내가 잘못 느꼈을 수 있음. 나도 초보라서 ㄷㄷㄷ.. 글고 7천500원 짜리로 논쟁을 벌이고 싶지 않아!! 또 두서 없이 쓰다 지우다 쓰다 지우다 해서 글이 매끄럽지 않을 수 있음. 첫 후기글이라 뭘 어캐 해야할지 모르겠어서"
행님들 블투 헤드폰 추천 좀 해줘잉 [4],2021-11-15 05:26:16,"폭발할것같아서 무서움;;

한시간에 한번이상은 무조건 들림

tv 신호없음 노이즈 같은 소리가 아니라
뭔가 귀 물먹었을때 들리는 꾸르륵 소리임

2달도 안썼는데 어카지 이런걸로 as 맡겨본사람 있음?"
Hip-dac 2 샀어.. [9],2021-11-15 05:25:15,"이렇게 3개 중에 뭐 사는게 좋을까?
사실 노캔 그닥 필요없긴한데"
힙합원툴 뉴빈데 xm4 어떰 [4],2021-11-15 05:20:59,집에서 쓸라구
유선이어폰 10만원 전후 가성비깡패추천좀요 [4],2021-11-15 05:11:37,"nx4 dsd랑 둘중에 머 살까 고민 중이엿는대

nx4는 흰색이 품절이구 MQA 서폿 안한다길래 디자인 예쁜 hip-dac으로 결정햇어.."
음원에 노이즈잇으면 ㄹㅇ 개패고십음 ㅋㅋ,2021-11-15 04:59:10,"블투, 노캔, 베이스만 잘 들리면 좋겠는데 
xm4가 감성있어 보여서 끌린달까,,
q35, hd559, 비츠, 에어팟맥스까지 고민해봤는데 영 모르겠네 
뭐가 좋을까??
- dc official App"
이어폰쓰면 왤케 소리가 먹는거같지 [2],2021-11-15 04:41:39,사보게
오늘도 하루종일 알칠공 쓰고 있었다,2021-11-15 04:41:03,"사랑과 병열 처음듯고 먼가 좃댄지 알앗음
켄시 씹련아~
- dc official App"
착용감 걍 안쓴거같은 이어폰 없나 [6],2021-11-15 04:35:22,"피아톤 ba100인가 이거쓰고있는데

이이어폰만쓰면 소리가 먼가 먹은거같은느낌임

먼가 울린다고해야되나 

이상함... 이어폰이원래 이런건가 왜이러지  헤드폰사야되나"
틱틱거리는거 왜 그럼?? [8],2021-11-15 04:29:35,진짜 윙서포트 이거는 모든 헤드폰이 본 받아야 한다
내 맘 속을 하얗게 밝히던 내 맘 속을 따스히 녹히던,2021-11-15 04:21:27,"끼고 옆으로 누워서 눌려도 크게 불편하지 않을 그런
- dc official App"
셰에에 칸알파있나 [1],2021-11-15 04:20:17,"엄청 조그만한 소리로 간헐적으로 한 음악당 3번정도
틱 틱 거릴 때가 있는데
난 배경의정숙함을 중시해서 좀 아쉬움

컴퓨터직결or득삼연결에서도 그러고
폰직결(충전기연결x)or득삼연결에서도 그럼

k371 셀레스티 번들이어폰 모두한테서 발생함

반복재생하면 틱소리가 같은구간에서 났다 안났다 해서
음원 자체에 틱소리가 있는건 아닌거같고..

대체 이유가 뭐임??
소스기가 hifi에 특화된게 아니라 그런가..
컴터 z590보드로 사양 좋고
폰도 갤10 5g임

첨엔 전기접지때문에 나는줄알았는데 그것도 아닌거같고 ..
(폰직결에서도 남)
uapp 애플뮤직 푸바 다 남

원래 조금씩들 틱소리는 다 나는거냐..??"
시간이 너무 빨라 [2],2021-11-15 04:14:35,"엄청 조그만한 소리로 간헐적으로 한 음악당 3번정도
틱 틱 거릴 때가 있는데
난 배경의정숙함을 중시해서 좀 아쉬움

컴퓨터직결or득삼연결에서도 그러고
폰직결(충전기연결x)or득삼연결에서도 그럼

k371 셀레스티 번들이어폰 모두한테서 발생함

반복재생하면 틱소리가 같은구간에서 났다 안났다 해서
음원 자체에 틱소리가 있는건 아닌거같고..

대체 이유가 뭐임??
소스기가 hifi에 특화된게 아니라 그런가..
컴터 z590보드로 사양 좋고
폰도 갤10 5g임

첨엔 전기접지때문에 나는줄알았는데 그것도 아닌거같고 ..
(폰직결에서도 남)
uapp 애플뮤직 푸바 다 남

원래 조금씩들 틱소리는 다 나는거냐..??"
삼성 번들은 V 튜닝임 [2],2021-11-15 04:12:57,"엄청 조그만한 소리로 간헐적으로 한 음악당 3번정도
틱 틱 거릴 때가 있는데
난 배경의정숙함을 중시해서 좀 아쉬움

컴퓨터직결or득삼연결에서도 그러고
폰직결(충전기연결x)or득삼연결에서도 그럼

k371 셀레스티 번들이어폰 모두한테서 발생함

반복재생하면 틱소리가 같은구간에서 났다 안났다 해서
음원 자체에 틱소리가 있는건 아닌거같고..

대체 이유가 뭐임??
소스기가 hifi에 특화된게 아니라 그런가..
컴터 z590보드로 사양 좋고
폰도 갤10 5g임

첨엔 전기접지때문에 나는줄알았는데 그것도 아닌거같고 ..
(폰직결에서도 남)
uapp 애플뮤직 푸바 다 남

원래 조금씩들 틱소리는 다 나는거냐..??"
조급히 서두르지 않을거에요 (기다릴거에요~),2021-11-15 04:11:12,아직도 난 아직도 난 여전히 널
3.5mm 삼번들 왜 qcy t1c무선보다 구린거같지 [4],2021-11-15 04:05:28,ㅇㅇ
15만원대로 헤드셋 추천좀 [5],2021-11-15 03:52:53,이런시발
xm4 번들보단 음질 훨씬 좋네,2021-11-15 03:38:40,"그나마 좋게 들리는 건데

그 V 튜닝된 걸 플랫하게 만들면 소리 얼마나 구릴까 싶다"
남의 택배 훔쳐간거는 솜방망이 처벌이냐? [3],2021-11-15 03:19:35,택배 올거 없네
이어폰 추천좀 해주실수잇나여 [10],2021-11-15 03:07:09,"해상도가 더 구린느낌인디
- dc official App"
이런 예쁜 마누라 있으면 퇴근시간 몇시냐 ? ㄷㄷㄷㄷㄷㄷㄷㄷㄷㄷㄷㄷㄷㄷㄷ [4],2021-11-15 02:59:39,"헤드셋 하루종일 끼고 있을거라 
무선이어폰이나 무선헤드셋은 좀 지양하려고 하는데,

유선헤드셋중에 음악 듣기에 그나마 좋다 하는거 있음?"
오늘 네이버멤버쉽데이임,2021-11-15 02:57:19,"DAC물린 성능 좋은 V20번들 보다는 확실히 우위라는게 체감 됨 ㅇㅇ

테스트 청음은 모두 플렛에 애플뮤직 무손실로 했음."
이헤붕이들은 무슨 애니 좋아하는진 모르겠는데 [7],2021-11-15 02:53:33,"틴더에서 만난 여자랑 같은 모텔에서 자고 

나는 아침일찍 볼일있어서 나갔음.

그 뒤에 그년이 느즈막하게 나갔는데

CCTV에 그년이 남의 택배를 가져가는게 찍혀서

모텔사장이 원래대로 되돌려놓으면 봐준다그랬는데

이년이 차단박고 도망감 ㅇㅇ;;;

이거 어케되는거냐 ㅋㅋ
정상적인 생각을하면 가져가진않을텐데
1. 처벌이 좆만해서 훔쳐갔다
2. 능지가 진짜 처참해서 훔쳐갔다
흠,,,"
하시발잘래... [1],2021-11-15 02:53:13,"5만원 아래에 

사용용도는 게임[FPS 안함]
+ 유튜브로 노래 듣기 정도인데

음질이야 좋으면 좋지만 가격대가 가격대니 크게 안바라고

제가 한번 게임하면 오래해서 3~4시간 넘게 써도 귀 안아픈 이어폰 찾고있는데 뭐 있을까요

원래 쓰던 삼성 번들이어폰 AKG였나 그건 오래쓰니 귀가 까지는거같아서 못쓰겠더라고여 ㄷ"
리게이에 이헤폰질하는 씹게이는 사랑을 받을 수 없는걸까 [14],2021-11-15 02:49:09,ㄷㄷㄷㄷㄷㄷㄷㄷㄷㄷㄷㄷㄷㄷㄷㄷㄷㄷㄷㄷㄷㄷㄷㄷㄷㄷㄷㄷㄷㄷㄷ
와 e50 부럽네여 ㄷㄷ... [10],2021-11-15 02:45:47,어쩐지 r70x 할인이 많이 들어가더라.
칸 알파 노이즈있네 [4],2021-11-15 02:43:51,"나는

가정교사 히트맨 리본
원펀맨
귀멸의칼날
나루토

딱 일케 네개 정주행 했었지

나루토는 완결 됐는데 다 보느라 고생함 ㅋㅋ

애니가 진짜 내용 유치한데 그 맛에 보는 듯 투니버스 보던 시절 동심이 살아있음 ㅇㄱㅇㅇ"
얘들아 이거 하나만 말할게 [2],2021-11-15 02:43:16,담배나 피고 자야지...
현재 업계에서 나오는 이야기,2021-11-15 02:42:30,"라는 제목의 라노벨 없냐 ㅅㅂ
시발 코스프레하고싶어"
영디비 사이트말고 영디비 유튜브만 보면 댐 [3],2021-11-15 02:39:12,"전 d90 쓰는데 이거도 좋아요 ㅎㅎ

네캎력 ㅁㅌㅊ?
- 음악은 계속된다."
이헤갤 / 영디비 / 닥헤 [8],2021-11-15 02:35:50,음원10개로 테스트해봤는데 화노 있다
에어팟 프로 배터리 양쪽 불균형 왤케 심하냐,2021-11-15 02:35:33,구명기 d5000 개쩔어 데논 2000 5000 7000 얘넨 매물 보이면 꼭 사
음질 버즈플 vs 버즈2,2021-11-15 02:35:30,구명기 d5000 개쩔어 데논 2000 5000 7000 얘넨 매물 보이면 꼭 사
기본 번들 이어폰처럼 유닛하고 연결되어있는 유선이어폰은 좋은거 없음?? [4],2021-11-15 02:31:35,구명기 d5000 개쩔어 데논 2000 5000 7000 얘넨 매물 보이면 꼭 사
그나마 박씨정권까지만해도 뭔가 나라가 하고있긴한거같았는데 [2],2021-11-15 02:26:17,"시발놈이 무능한데 열정적이라서 좆같은 새끼임

아 시발 일얘기하고 시간보ㅓ까 좆됨 잔다 ㅅㄱ"
아 진짜 코스프레 해보고 싶다 [20],2021-11-15 02:21:09,"그거 말곤 이헤폰에 관해 전문적인 리뷰 몰겠더라

바술도 단순 리뷰어같음 ㅋㅋ

물론 '무선'

유선은 걍 제품이 아니라 산폐물

- dc official App"
100세시대에 60년 고통받을순 없자너 [4],2021-11-15 02:18:58,"이헤갤은 꼭사라 + 신포도질

영디비는 대충 똑똑한 척

닥헤는 대충 장비자랑

맞냐 이거?"
한국은 한 20년 지나면 필리핀이랑 경쟁할 차례 아니냐 [2],2021-11-15 02:15:12,"항상 양쪽 같이 쓰고 같이 충전하고 같이 쓰고 같이 충전하고
한쪽만 쓴적 없는데
풀충전 하고 계속 쓰면
오른쪽 20퍼초반대 남았을때 왼쪽 0퍼되서 끊기노;"
이게 나한텐 충격이엇슴 [3],2021-11-15 02:13:43,ㅇ
어딘가 아파보이는 사람 [2],2021-11-15 02:12:26,ㅈㄱㄴ
이어폰 특이점 언제옴 [4],2021-11-15 02:08:51,"요샌 ㄹㅇ 뭐하는지 모르겠더라

돈을 도대체 어디다 붓는거냐

기업이 위태한데 해괴망측한 복지할생각밖에없음

대세에 따라 지지율이나 받아보려고
경제 살리겠다곤 하는데 경제를 살려야 할 기업에
관해서는 말 토씨 하나도 못꺼냄

아직도 경제나 출산률 어떻게 할꺼냐 물어보면

지역균일개발 발전, 남북 개성공단 ㅇㅈㄹ이냐 하고있을건가

근데 앞으로 4년 이끌 대선후보보면

이씨나 윤씨나

걍 아무것도 안할듯 ㅋㅋ
- dc official App"
다들 사랑해! [14],2021-11-15 02:06:30,"실베?인지 힛갤인지 올라간 거 방금 봤는데 와 시발 저게 말이 돼??
도내 탑클래스네 진짜로"
무지성으로 헤드폰 주문햇는데 [13],2021-11-15 02:05:11,"한국인이나 한국식 생활방식이 좋아도

배가 침몰중인거같으면 탈출기회 잡아야지

- dc official App"
남자든 여자든 [6],2021-11-15 02:01:03,"일본이랑은 겸상이라도 해보고 싶었던거고 ㅋㅋ
- dc official App"
이게 나한텐 충격이엇슴 [3],2021-11-15 02:13:43,"오픈형만 쓰던때에 이거 싸구련데 착용감좋아서 충격이었음

그 외엔 강 싸구려맞긴했음"
어딘가 아파보이는 사람 [2],2021-11-15 02:12:26,"팜니다 ㅇㅈㄹ하네 ㅋㅋㅋㅋ
- dc official App"
이어폰 특이점 언제옴 [4],2021-11-15 02:08:51,"잘때 이어폰 끼고 노래들으면서 자고싶다고 생각하곤해


- dc official App"
다들 사랑해! [14],2021-11-15 02:06:30,"비록 먼 곳에 있지만 마음만큼은 너와 가장 가까이 있고 싶어
지칠 때도 있고 힘들고 우울할 수 있지만 그런 너를 응원하는
내가 있으니까 걱정말고 즐겁고 행복한 내일을 살아가려고 노력하길 바랄게"
무지성으로 헤드폰 주문햇는데 [13],2021-11-15 02:05:11,Dt770 80옴 어떤가요 오인페나 폰으로 구동되ㅁ?
남자든 여자든 [6],2021-11-15 02:01:03,"존재만으로도 의지가 되고 연락하는 걸 부담스럽게 여기지 않을 정도의 사람이 있었으면 좋겠어
요즘 뭔가 불안하고 주변에 의지할 사람이 없다보니까 살얼음판 위를 뛰어가는 느낌임
천천히 걸어가든 기어가든 하면 물에 빠지지 않을텐데 주변에 브레이크가 되어줄 사람도 없고
가끔 물에 빠진 것처럼 엄청 우울한 기분을 느끼는데 그런 걸 말로는 다 표현 못 하겠음
그냥... 정말 뭉뚱 그려 말하면 '너무 힘들다'가 끝임 그러니까 이걸 어떻게 풀 방법도 모르겠고
너무 막막하고 막연하고 미래가 두렵기만 하고 참 그렇다"
갤 망햇네.. [3],2021-11-15 01:54:27,니들이랑 안놀래..
앤커 블투이어폰쓰고있는데 고장난거임? [4],2021-11-15 01:51:20,왼쪽만 소리가 안들림 근데 케이스에서 꺼내면 왼쪽에도 배터리가 어떻다고 알림음성은 나옴블투기기에서 이어폰 지우고 새로 했는데도 이러는데 고장난거임?
얼굴에 막 자부심이 있진 않지만 [10],2021-11-15 01:50:45,그래도 여자친구 만들고 싶다
팀플레이 게임은 스트레스 덩어리다 [6],2021-11-15 01:49:24,"매일같이 느낀다
- dc official App"
게임은 혼자하는게 가장 힐링댐,2021-11-15 01:46:06,지뢰찾기
겜은 돌고돌아 롤이더라,2021-11-15 01:42:59,"옵치 핫할때 옵치만 하다가
인기 시들해질때 다시 롤하고
배그 핫할때도 배그만 2000시간 하다가
지금은 다 접고 롤만 하는중"
헤드폰 추천좀 해주세뇨 [13],2021-11-15 01:41:51,"용도는 집 안에서 컴퓨터 할때 쓸 용도에요


오픈 밀폐 상관 무, 가격 ~20 정도까지 생각 중인데 무선 유선 상관 무, 딱히 추가로 연결 할거 아님

지금 쓰고 있는건 이건데 3년 쓰는동안 많이 딸궈서 본드로 붙여서 연명 중인데 슬슬 한계가 보임"
팟프로 2 나오면 서열 바뀌긴 하겠지만 [2],2021-11-15 01:40:37,"용도는 집 안에서 컴퓨터 할때 쓸 용도에요


오픈 밀폐 상관 무, 가격 ~20 정도까지 생각 중인데 무선 유선 상관 무, 딱히 추가로 연결 할거 아님

지금 쓰고 있는건 이건데 3년 쓰는동안 많이 딸궈서 본드로 붙여서 연명 중인데 슬슬 한계가 보임"
가끔 하면 안 될 짓을 상상하곤 함 [12],2021-11-15 01:38:34,"지금 에어팟 나오는 가격 보면 프로2는 30 중후반 갈듯
- dc official App"
꼬다리 노래 재생 안하고 꽂아두기만해도 [2],2021-11-15 01:36:04,사촌누나가 너무 예쁨.
롤갤임? [1],2021-11-15 01:34:09,사촌누나가 너무 예쁨.
난 겜할때 말리면 내 탓 마인드,2021-11-15 01:34:05,배터리 빨아먹냠?
나는 데미지 계산까지는 그리 빡세게 안하고,2021-11-15 01:31:48,하여튼 새벽 이헤갤은 다른 갤러리로 자주 둔갑한다니깐;
qc45 써봤는데 다좋은데 단점 [3],2021-11-15 01:30:55,채팅 안치고 서렌도 안침
여기 애들이 의사몰 아재보다 객관적인건 팩트,2021-11-15 01:30:34,"그냥 평상시 게임에 이쯤에 내가 어느정도 세고 그런거만 알고 겜한듯

그래서 바텀 존나 대놓고 던져서 견적안나오는 템들고오면 대처를 잘 못했음"
오늘 음부잘되네 [2],2021-11-15 01:29:34,"음질 양호 노캔 성능 좋음 착용감 양호

근데 

소리크게하면 바깥으로 좀 많이 새는 느낌인데
어떻게 조절할 방법이 없을까 

이어폰은 소리크게 키워도 잘 안새는데 헤드폰은 좀 새는 느낌?
헤드폰을 처음 착용해봐서 잘 모르는데 
헤드폰 소리가  원래 밖으로 많이 새는가...
어떻게 조절할 방법없음??? "
3만원짜리 es9218p [10],2021-11-15 01:27:10,젊어서/어려서 그런가
er4xr 저음 가끔 너무 많다는 생각도 들어.. [2],2021-11-15 01:25:21,
버즈 이미지.txt [3],2021-11-15 01:23:15,"당근에서 3만원에 좋은 매물 올라와서 홀라당 집어왔음 ㅎㅎ

안드 11이라 ldac도 지원한다 ㅋㅋ DAP용으로 잘 굴려야지"
병신이어도 괜찮으니 부자되고싶다 [1],2021-11-15 01:19:08,"평상시에는 정말 좋은데..

막 저음때문에 다른 선율에 집중하기 힘들어지는

그런 상황들이 가끔가다 나오는 것 같아.


그래서 가끔씩 sr로 사는게 맞앗나 싶기두 해.."
아래 무선 헤드폰 물어본 게이인데 qc45사기로함 [4],2021-11-15 01:14:32,"재난지원금으로 편의점에서 산 이미지

재고떨이로 산 이미지

사은품으로 공짜로 받은 이미지"
부자집안은 20대 내내 병신이어도 됨 [4],2021-11-15 01:13:42,솔직히 인정하자 ㅋㅋ
잠존나안오네 ㅜㅜ [1],2021-11-15 01:13:35,안녕마트에 물량 풀렸더라
브다플레이중 [1],2021-11-15 01:11:25,20대에 한거없는 식물인간급이어도 30대에 준비해도 안망함
임마 머냐… [2],2021-11-15 01:11:18,"수면제챙겨올껄수면제챙겨올껄수면제챙겨올껄수면제챙겨올껄수면제챙겨올껄수면제챙겨올껄수면제챙겨올껄수면제챙겨올껄
- dc official App"
한가지 말하자면 [4],2021-11-15 01:10:33,DS때보다도 DS음원모드 삽구린
합정에 자기명의집있고 [4],2021-11-15 01:08:04,엄
안그래도 이번달 카드값내면 또 전재산 0원됨 [2],2021-11-15 01:07:53,부모님돈이지 내돈 아냐<<이게 친구삭제시키는 마법의 단어임
스피커는 어케 중고로 사고팔지 [4],2021-11-15 01:06:53,"재개발들가고

학원비지원 유학가서생활비대학비집값도지원

월용돈100만원

인정하면편해

내가볼때 꽤 잘사는집안임."
갤럭시 쓰는데 버즈 별로면 머써야함?? [9],2021-11-15 01:06:14,"담달 카드값은 35라 35 벌생각 해야함
대충 트리뷰트 현박, 아이패드 미니6이랑 악세서리, 블루아카 대충 20정도, 이번 달 노는데 쓴 돈 종합하니 270만 뜨더라...
존나 주제모르고 씀 걍...
- dc official App"
스타필드좌 짤 있는 사람 있어? [2],2021-11-15 01:05:41,다마스퀵 불러야되나
이헤갤 근데 솔직히 돈 없는 애들인건 맞잖아?? ㅋㅋ [7],2021-11-15 01:05:38,버즈 프로 버즈 2 다 맘에안듬
안녕 [3],2021-11-15 01:04:41,오랜만에 보고싶다는 구나
Realtek HD Audio 어떰 [1],2021-11-15 01:04:35,나만 돈 없는거 아니지 그치??
집에서 쓸만한 무선 헤드폰 추천좀 [4],2021-11-15 01:03:36,인사해줘
흐드륙이 흐드팔보다 좋다라... [5],2021-11-15 01:03:28,"컴퓨터에서 이거쓰고
스마트폰에서 소나타HDPRO 꼬다리쓰는데 모가 다른지 모르겠음"
전에 댁 거래하는데 [3],2021-11-15 01:03:15,"가끔 옆방 피아노소리땜에 노캔이 필요할수있음

누워서 쓰고 책상에 앉아서 쓰고 할거

가격대는 상관없음"
뭔가 wf1000mx4 예전에는 엄청 자주 사용했는데 [1],2021-11-15 01:02:11,이건 뭐랄까 마치 쏘나타가 제네시스 G90보다 좋다고하는 느낌?
버즈2 ssc 고정 해결방법 없는거냐? [2],2021-11-15 01:01:31,"아재하나 제네릭 스피커 들고와서 카페에서 꽂아보더라

그런데 금마가 네고시도하더라...

십새끼

솔직히 돈값 이름값 못하는거라서 빨리 손절치려던거라서 걍 팔아버림"
얄포가 저음이 없다는 말은 왜 있는걸까... [7],2021-11-15 01:00:34,"이놈 들이고 나서 노캔은 비슷한데

얘가 더 귀가 편하고 멀미 안나고

결정적으로 소리가 가슴을 두드리는 정도가 너무 차이나서

출퇴근 왔다갔다할 때나 집에서는 얘만 써버리고

천막포는 친구 만나러 가는 길이나 이어폰 사용할때만 쓰게 되어버림

아무래도 팟3로 갈아서

이어폰필요할때 - 노캔필요할때로 정확히 사용용도를 구분시켜야겠음
- dc official App"
n5005의 소리가 그리운 오늘 [5],2021-11-15 00:58:15,"그냥 ㅈㄴ 답없네
시바 낄때마다 옵션 드가서

코덱 바꿀거면
오토 페어링이 왜 필요하냐 ㅋㅋ ㅅㅂ
- dc official App"
따른 음향기기 커뮤니티는 뭔가 이상해 [29],2021-11-15 00:58:06,"얄포 저음 없다고 징징대는 새끼덜은 닥터드레 비츠나 들으러 가라ㅋㅋㅋ
더도 말고 덜도 말고 있는 만큼 들려주는구만...
좋다"
갤럭시폰 음장 250k 한칸 내리면 [4],2021-11-15 00:56:49,그 특유의 쨍함 좋음
팬케익ㅋㅋ,2021-11-15 00:52:46,"댓글보면 은근슬쩍 자랑하는데 역겨울때 있어

네이버 카페 : 내가 이렇게 돈이 많다
영디비 : 내가 이렇게 똑똑하다

이런 느낌




카페에 [ㅇㅇ 샀습니다] 라고 글쓰면 댓글로
>ㅇㅇ 좋죠 ㅎㅎㅎ 저도 100만원짜리 케이블이랑
300만원짜리 DAP에 물리니 소리가 더 풍부해졌습니다
>>ㄷㄷㄷ 전 거지라 못사는데 ㅠㅠ 역시 대단해요


영디비에 [BA 이어폰추천 부탁드려요~] 라고 쓰면
>BA드라이버란 다이나믹 드라이버와 다르게
어쩌구저쩌구해서 BA는 보통 차가운 음색
DD는 보통 따듯한 음색의 소리를 냅니다 ^^
>>역시 ㅇㅇ님 전 초보라 들어도 잘 모르겠네요
정말 대단하세요 ㅎㅎ


이런식으로 글이랑 상관 없는 댓들 달면서
자기과시 엄청심함
근데 대댓글로 역시 ㅇㅇ님 대단해요~ 하는게
더 열받음"
갤럭시폰 음장 250k 한칸 내리면 [4],2021-11-15 00:56:49,"보컬 확선명해지는데

다른기기를 안써봐서 비교가 안되네

다른것도 그럼?"
팬케익ㅋㅋ,2021-11-15 00:52:46,ㅋㅋ
말나온김에 '진짜 음향기기' 샀음 [6],2021-11-15 00:52:14,"가짜 음향기기 천막포는 당근으로 고고씽할 준비 시켜야지 ㅋ
- dc official App"
하나도 모르겠네;; 숙제 하나 내주고 자러간다 [2],2021-11-15 00:44:53,"소니는 귀 아프데... 아프면 타지에서 마음도 아프다...

진심으로 하나도 모르겠네 일본 유튜버들은 비교리뷰 절대안함 광고짤리고 저작권 철퇴가 너무 심한 나라이기 때문에



테크닉스 EAH-AZ60 : 2만8천엔

데논 AH-C830NCW : 1만8천엔

오디오테크니카 ATH-CKS50TW : 1만6천엔



뭐 사는게 좋을까? 

참고로 슈어 아이오닉 50 같은 노잼에 플랫한 음색 좋아함

상상 청음 씹고수들 없냐? "
해드폰 추천해줭 [13],2021-11-15 00:44:50,"가격은 20~40?
주로 집에서 영화를 마니 봄
노캔됐으면 좋겠음
착용감 편한걸로 추천해줘.. (무선)"
"천막포 노캔 멀미나서 못쓰겠음, 피아톤에 비해 음악듣는거 같지도 않은 [4]",2021-11-15 00:42:57,"같잖은 소리나고 ㅇㅇ

걍 팔고 팔3살까 생각 중
- dc official App"
모조는 성향이 어떻노 [1],2021-11-15 00:42:51,ㅅㅂ 어떤놈은 웜이라고 하고 어떤놈은 투명하다 ㅇㅈㄹ하고 뭐가맞음
마이러브 좋다길레 일단 샀는데 [2],2021-11-15 00:42:43,ㅅㅂ 어떤놈은 웜이라고 하고 어떤놈은 투명하다 ㅇㅈㄹ하고 뭐가맞음
에어팟프로 쓰는데 수월우 스타필드 사는거 유의미함? [5],2021-11-15 00:42:17,ㅅㅂ 어떤놈은 웜이라고 하고 어떤놈은 투명하다 ㅇㅈㄹ하고 뭐가맞음
솔직히 소니는 z1r 보다 m9 지 [4],2021-11-15 00:42:02,tfz라서 저음 벙벙에 고음 찍찍일까봐 무서움
온몸이아프다 [14],2021-11-15 00:41:53,"사실 음질은 이미 충분한데
그 공간감이 죽인데서 한번 들어보고 싶음.
팟프로에도 공간음향 있는데 이거랑 차이 큼?"
살자하고싶다 [6],2021-11-15 00:40:49,"z1r 귀에 넣는 순간 무게압박 심했음

소리 밸런스도 m9 쪽이 더 나았음

z1r 은 wm1z 에 물려서 들었을때 저음이 오졌었다"
Hip-dac 쓰면 먼가 소리가 따뜻해진다는데 좋은거야..? [6],2021-11-15 00:40:41,죽어버리고싶다
어차피 컨슈머 음향은 공간음향으로 간다 [6],2021-11-15 00:39:43,"내일 아침에 언제 대림동에서 종암동까지 가가지고 뭔정신으로 수업듣냐 ㅅㅂ

걍 수면 중 의문사 제발 신님
- dc official App"
족재비 [9],2021-11-15 00:37:09,"내일 아침에 언제 대림동에서 종암동까지 가가지고 뭔정신으로 수업듣냐 ㅅㅂ

걍 수면 중 의문사 제발 신님
- dc official App"
저려미들 [7],2021-11-15 00:36:50,왜 안좋은 소리같이 들리지..
ath r70x 일본구매자들이 쓴리뷰 [1],2021-11-15 00:36:44,"사실상 스피커는 식당 카페같은 업소가 아닌 이상
필수적이지 않게 되었다

PC용 스피커도 사운드바로 대체되고 있다

가정내에 제대로된 스피커가 전무한 시대가
와버렸단 말이다

하지만 사람들은 코드리스 이어폰을
사용하고 여전히 영상과 음악 컨텐츠를 이용한다

스트리밍 서비스가 보편화 되고
경제적인 부담과 플레이어의 용량 문제에서 벗어나며
이전보다 훨씬 좋은 퀄리티의 컨텐츠를
감상할 수 있게 되었지만
그것을 재생할 스피커는 갖고 있지 않다

모두에게 보급되어 있는 기기를 통해
인위적으로 스피커에서만 느낄 수 있는 공간감을
만들어 내야 한다

기업에서는 공간음향 기능을 지원하는
스트리밍 서비스와 코드리스 기기를 발매하고
소비자들은 큰 기업에서 출시한 제품을
의심없이 구매하며 길들여 진다

공간음향을 경험하고 익숙해진 소비자들은
더 이상 스테레오 사운드를 현재의 우리가
모노 사운드를 들을때 느끼는거 처럼
구시대의 산물 필요없는 옛것
한 단계 아래의 방식으로 생각할 것 이다

컨슈머 음향은 차츰차츰 공간음향으로
대체될 것 이다






(돌비에티모스 주식 사서 하는 말 아님)"
옛날에 mx985였나 팔때 5~7이었는데 [6],2021-11-15 00:36:23,손바닥만한
진짜 초저가 이어폰 이상한 거 추천하지 좀 마셈 [4],2021-11-15 00:36:09,손바닥만한
이헤갤 한국말 서툰 유동게이있지않냐 [10],2021-11-15 00:35:59,"저기서 알키아드가 짱먹는다캄



- dc official App"
되팔되팔.,2021-11-15 00:34:35,"https://review.kakaku.com/review/K0000737062/#tab


일본애들은 국뽕이 심하지 않다"
와 역체감이 ㅈㄴ 심하구나,2021-11-15 00:34:16,되팔이놈들 야금야금 올려서 18에 거래되는거 보면서 단종+과거의 명성빨이 대단하긴 하다 싶었음
알리 배송예정일에 딱 맞춰서 오냐 아니면 더 빨리오냐? [3],2021-11-15 00:32:44,걍 씹막귀련아 디렘이나 사 한 마디만 하면 빡쳐서 바로 구매한다는 말임 ㅇㅇ
"하이파이맨 데바 리뷰,.. [2]",2021-11-15 00:30:36,"그분은 이해폰 뭐쓰냔말임

몬가 고수의아우라가 난다캄"
간만에 E5000 듣는데 쥑인다 쥑여 [11],2021-11-15 00:30:22,"우왓,
- dc official App"
너네 아이오닉 무선이어폰 새로 나온건 알고 갤질하냐? [4],2021-11-15 00:30:06, - dc official App
막귀가 파는 스타씨 [12],2021-11-15 00:29:49,ㅇㅇ
흐드팔보다 흐드륙이 좋다는 애들도 있구나 [8],2021-11-15 00:29:01,"https://kakakumag.com/av-kaden/?id=17670


일본  머 심사위원이라는데   뽐뿌좀 넣겠지 걸러서 들어"
R70x 쿠폰 붙었네... [7],2021-11-15 00:27:39,이게 바로 부랄 떨리는 저음 아니냐
얼른자자 [9],2021-11-15 00:27:10,"Shure Aonic Free라고

12월 3일 출시래 

일본에서 이어폰사기가 힘드네

데논에 테크니카에 기다리면 아이오닉에 ㅅㅂ"
10이하 이어폰들줄세우기 [20],2021-11-15 00:26:42,"어험 훌랄라



- dc official App"
fiio q3 이거어떰?? [1],2021-11-15 00:26:01,흐드륙 개땡기네 dj랑 흐드륙이랑 나오는거 먼저 찍먹해야지
액정5는 포기해야게따 [2],2021-11-15 00:25:58,"공식사이트에서 29만원에 10% 쿠폰이 붙고, 네이버멤버쉽 적용하니 24만원대군... 중고살바에는 신품이 사라 살 사람.

물론 난 안삼."
중고거래 많이 한 사람들은 문자 말투부터가 다르네 [2],2021-11-15 00:25:29,피곤하다
r70x 은선 케이블구하고싶은데 [5],2021-11-15 00:23:42,"마이러브=스타시 >틴하이파이 > ssr > zsn pro x
- dc official App"
쿨앤조이는거름 [8],2021-11-15 00:21:34,이어폰용으로
한번 이헤폰 현탐오고 싹 정리햇는데 [13],2021-11-15 00:20:43,어떻게 저렇게 생글생글하게 문자를 보내지
내일보낼택배 [26],2021-11-15 00:20:34,이거 어디서 구해야하냐?????
a4000 15만 어케 생각? [7],2021-11-15 00:19:02,1/6 걸러
이 자짤 만든 게 겨우 몇달 전이었는데 [18],2021-11-15 00:17:30,"그때 내가 무슨생각으로 앰프도 정리했는데 흐드륙만 남겼는지 모르겠음

모은만큼 정리하는데 시간걸리고 중고장터스트레스받고 그러더라

진짜 잡템들만 사서 파는것도 귀찮았음"
옛날엔 쿨앤도 오디오 개쩌는 사람들좀 있긴했는데 [4],2021-11-15 00:16:47,- dc official App
쿨앤조이모니터는 미친사람많음 [5],2021-11-15 00:16:40,들어보신분?
BOE 멍청해,2021-11-15 00:15:57,리스트에 추가해야 되는게 꽤나 늘어버렸음
색스,2021-11-15 00:15:35,리스트에 추가해야 되는게 꽤나 늘어버렸음
오디오테크니카말고 데논도 있네,2021-11-15 00:15:10,그쪽은 스피커 쓰는 양반들이고 아직도 활동하는지 모르겠고 헤드파이는 영 아니긴 함
막커가 추천한 마이러브 장터 올라와서 바로 삼 [6],2021-11-15 00:14:53," 공부할사람들은 쿨앤조이 가서 글많이봐



공부가 되는곳
- dc official App"
엘지 게이밍 스피커... [1],2021-11-15 00:12:54,"60hz프로필만듬 144밖에없는 멍청이
고주파도 패널이랑 팬문제겠지"
사블 g6에 660s 물리면 별로임? [9],2021-11-15 00:11:59,"오우
- dc official App"
BOE [5],2021-11-15 00:11:55,"AH-C830NCW

가격은 오디오테크니카나 이놈이나 그놈이 그놈이구만"
사블이 소프트웨어를 잘 만들어놨음 [2],2021-11-15 00:10:31,"96년생 취준생은 아는데
96취존생은 누구임?"
엘지 게이밍 스피커... [1],2021-11-15 00:12:54,"스피커 지랄말고 걍 게이밍댁앰 일체형으로 좀더 싸게 내놨어야 겜돌이들이 샀는데...

잘만들고 이상한짓하는건 엘지답단말임"
사블 g6에 660s 물리면 별로임? [9],2021-11-15 00:11:59,"쿨엔조이보니까 

G6에 660s 존나 구리다던데 ㄹㅇ?

지금 g6에 육읍읍 쓰는데 660s 로 바꾸고싶은데 저 말들으니까 고민됨
- dc official App"
BOE [5],2021-11-15 00:11:55,잉잉
사블이 소프트웨어를 잘 만들어놨음 [2],2021-11-15 00:10:31,ㅇㅅㅇ
버즈라이브,2021-11-15 00:08:58,"오랜만에 꺼내거 듣는데, 분리도는 개좋네.
- dc official App"
엘지번들 다시들어보기 [8],2021-11-15 00:08:08,파이널E팁으로 CPR중
캠파 안드로메다(2020)도 추천함 ㄹㅇ [3],2021-11-15 00:07:08,"개인적으로 80만 이렇게 나오면 진짜 괜찮은 녀석인거 같긴 한데

최근에 역경매에서 나가는 가격으로 산다고 해도 그렇게까지 돈아깝다는 생각은 안들 거 같음"
사블이 요즘 게이밍 장사잘해~ [4],2021-11-15 00:07:00,"우리 소니도 게이밍 함 할까?
- 음악은 계속된다."
사블은 아직도 충돌이슈 못고침 [1],2021-11-15 00:05:21,"옛날제품인 사블xfi5.1부터 몇몇사용자들 후기에 최신제품인 g7까지도 제품은 켜져있는데 소리 안나오는 이슈 있다고 나옴

수입사에서도 이거 정상판정때리기때문에 as못받음

이게 문제없이 쓰는사람도 있고 문제있는 사람도 있으면 불량이라고 봐야하는데 불량판정을 안냄ㅇㅇ

문제되는게 랜덤하게 발생해서 하루종일 틀어도 괜찮을때 있고 1분간격으로 지랄할때도 있음

소프트웨어 쓰고싶으면 사블쓰고 필요없으면 ㄴㄴ임

사블 자체가 싼 맛에 여러가지 맛보는거임

""게이밍""답게 부품도 싼거 넣기도 하고"
오테 블투 신형 헤드폰 외관 직캠 [1],2021-11-15 00:03:44,"옛날제품인 사블xfi5.1부터 몇몇사용자들 후기에 최신제품인 g7까지도 제품은 켜져있는데 소리 안나오는 이슈 있다고 나옴

수입사에서도 이거 정상판정때리기때문에 as못받음

이게 문제없이 쓰는사람도 있고 문제있는 사람도 있으면 불량이라고 봐야하는데 불량판정을 안냄ㅇㅇ

문제되는게 랜덤하게 발생해서 하루종일 틀어도 괜찮을때 있고 1분간격으로 지랄할때도 있음

소프트웨어 쓰고싶으면 사블쓰고 필요없으면 ㄴㄴ임

사블 자체가 싼 맛에 여러가지 맛보는거임

""게이밍""답게 부품도 싼거 넣기도 하고"
m4 종결급 맞음 [2],2021-11-15 00:02:28,"https://review.kakaku.com/review/K0001397166/ReviewCD=1516805/MovieID=27563/ 
- dc official App"
쿠로미좌가 진짜 대단한게 [7],2021-11-14 23:59:38,좋아 ㅇㅇ
오테 hl7bt 해드폰 리뷰도 있는데 올릴까? [1],2021-11-14 23:58:19,"닉이 ier m9인데 언급 하는걸 본 적이업슴ㅋㅋㅋㅋ
- dc official App"
에이오닉50 사운드 블라스터 조합 어떤가요 [13],2021-11-14 23:56:27,"안보는게ㅡ낫겠는데
- dc official App"
M9는 쿠로미 픽이라는 걸 전함 [15],2021-11-14 23:55:36,"집에서 영화볼때 사블 쓰고

밖에나갈때 멜론 소리듣고..

어떻게생각하시나요..

혹시 괜찮다고 생각들면 버전 사블 g3 이랑 g5랑 고민중인데 추천좀해주세요"
이헤갤에서 오테가 가장 인기 좋던 시절 [7],2021-11-14 23:55:05,오랜만에 M9 꺼낼까
LG 폰 VS dc03 [1],2021-11-14 23:54:53,르스 막 나왔을때
RS10 스파이픽이라는 말만함 [4],2021-11-14 23:54:18,어떤게 더 좋음?
오테꺼 산다는분 일본구매자리뷰 보세요 [1],2021-11-14 23:51:47,일단 들어보라캄
m4가 사북곰 픽인데 [4],2021-11-14 23:51:44,- dc official App
헤드폰 처음 사봤어요 [1],2021-11-14 23:51:40,좋아죽을라캄
m4는 알테어 픽이라는 말만함 [1],2021-11-14 23:49:03,hd560s 랑 소나타 hd pro 샀는데 이거면 충분하죠?
이것저것 듣더라도 청음샵가는게 좋은 이유 [11],2021-11-14 23:45:01,무시 못한다 이거임
홈팟미니 이거 월드워런티냐??,2021-11-14 23:44:18,"나는 그냥 두루두루 듣는거 저음 많지않은걸 선호함

re2 얄포같은거

지인은 나보다 저음 많은거 선호함

소니나 젠하이저 이어폰들

결국은 두루두루 듣는용도는 자기가 들어보고 판단하는게 좋고 성향 확실하면 그 안에서 추천받으면댐"
막귀 리뷰보고 퍼오디오 m4 포기했다 [4],2021-11-14 23:43:18,직구한거 국내에서 수리 가능하냐?
일본사는데 이 코드리스 어떤거같냐? [5],2021-11-14 23:42:17,고음 많이 쏘는게 분명해
김재앙군♥아동센터,2021-11-14 23:39:49,"오디오테크니카껀데

ATH-CKS50TW

발매된지 얼마 안됨

https://www.audio-technica.co.jp/product/ATH-CKS50TW"
친구는 이헤갤 친구들이 있어.. [10],2021-11-14 23:38:23,- dc official App
10만원 초반대까지 유선 이어폰 추천 부탁드립니다 [8],2021-11-14 23:38:20,...
ㅋㄹ미 찟어먹는다 [13],2021-11-14 23:34:25,"1. 아마 집에서 오인페에 물려놓고 듣지 않을까 싶습니다 어떻게 듣던 pc에 연결해서 들을 용도라고 생각해 주시면 감사하겠습니다.

2. 가격대는 제목에 있듯 10만 초반대까지 부탁드리고 음악 장르는 씹덕노래 락 뮤지컬 뉴에이지 골고루 듣습니다.

혹시 가능하신 분 있으시면 추천해주신 이어폰에 어울리는 케이블이나 폼팁 같은것도 추천해 주시면 감사하겠습니다. 질문이 번거로운 감이 있어 제품 이름만 추천해 주시면 후기는 알아서 찾아보겠습니다."
Fh3가 보컬만 좀 괜찮았으면..ㄹㅇ [4],2021-11-14 23:33:09,"존맛





- dc official App"
임마 대체 머하는거냐,2021-11-14 23:31:28,"톤벨 다 좋은데 보컬이 구데기였음..
fd3찍먹해볼까"
큐델5k vs 피오q3 [1],2021-11-14 23:31:22,"https://www.youtube.com/watch?v=HZUesXIG0Is
- dc official App"
왜 대댓글을 바람? [8],2021-11-14 23:31:01,"누가 밸출 더셈?
k271 구형 최고"
"우왓, 갤질중에 막귀가 ㅡㅡ;",2021-11-14 23:29:49,그래도 좀 달아주면 좋겟긴함
여기 갤에 글쓰는것만 봐도 [7],2021-11-14 23:28:37,"되팔되팔.
- dc official App"
삼번들 uapp 퍼펙트비트 [4],2021-11-14 23:27:11,"되팔되팔.
- dc official App"
Qc35 지금 사는 거 괜찮음?,2021-11-14 23:26:59,"딱봐도 누군 친구 많고 누구는 친구 없는지 알수 있음

갤에 일기장 처럼 쓰면서 자기 할 얘기만 하는 애들은

나처럼 친구 없는 애들이고

남들 글마다 댓글 잘 달아주고 이모티콘 잘 반응해주는 애들은

딱봐도 사회성 좋은 애들임 ㅇㄱㄹㅇ..."
골프는 귀족스포츠라기엔,2021-11-14 23:26:52,"<비트 퍼펙트모드에서는 다시 샘플링할 수 없습니다>

이 알림 뜨는 사람들 참고해


c타입 삼번들 꽂으면 알림창 순서대로 2개 뜨는데
첫번째알림은 취소, 두번째알림은 확인 누르면
잘된다

확인,확인 누르면 맨 위 문구 나옴"
막커 필독 [3],2021-11-14 23:24:36,"Qc45 나왔던데,,

Qc35는 지금 사면 직구로 20정도면 사던데

헤드폰은 가품같은 건 없지??"
댁앰 독립형 일체형 중에 어떤게 더 나음? [2],2021-11-14 23:22:43,그 귀족 접대하려고 배우는 사람들이 상당히 많은 스포츠...ㅠㅠ
근데 마나가아가 회사내규야 ? ? [17],2021-11-14 23:22:13,꿀매가 말고 평균 중고가 20이하 이어폰 추천점
훈남노노봉 <= 맨날 진지함,2021-11-14 23:20:40,"최근 코드 애니 나와서 큐티스트랑 조합하는게 땡기는데 요즘은 거의 일체형이 대세지 않나? 

댁 따로 앰프 따로가 더 나은가? 뭐 대충 듣기로는 너무 주렁주렁 연결하는건 음질에 안좋다던데 "
c타입 덱에다가 변환젠더 써도 ㄱㅊ? [1],2021-11-14 23:20:12,왜 둘이 뭔가 비슷하지
(진지) 어짜피 팟프로2 나오면 서열정리 끝나지 않나? [1],2021-11-14 23:18:00,힘내세요ㅋㅋㄷㄷ
그래서 오테 신형 블투 헤드폰 리뷰는 [11],2021-11-14 23:15:45,
이어팟 오랜만에 써봤는데,2021-11-14 23:09:59,- dc official App
컴포버즈프로 광군제 53000삿는데 [1],2021-11-14 23:05:42,"언제쯤 만나볼 수 있는 겁니까

내일(월요일)이면 될까요 ? ?

소리 너무 궁금하다캄"
사이렌 구동할 포터블 추천해줘 [7],2021-11-14 23:04:28,"부밍 거슬리지 않을정도로 있는
K 골방 스피커 소리랑 비슷하네"
에이징은 [12],2021-11-14 23:02:58,"어떰
- dc official App"
