,0
0,https://cafe.naver.com/baby8/2031677?art=ZXh0ZXJuYWwtc2VydmljZS1uYXZlci1zZWFyY2gtY2FmZS1wcg==.eyJhbGciOiJIUzI1NiIsInR5cCI6IkpXVCJ9.eyJjYWZlVHlwZSI6IkNBRkVfVVJMIiwiY2FmZVVybCI6ImJhYnk4IiwiYXJ0aWNsZUlkIjoyMDMxNjc3LCJpc3N1ZWRBdCI6MTYzODk0ODAyMDM2Nn0.v9EEnt-rObpmJvFdKFXTy2NOzhPKIKJhpainDEZGtnA
1,https://cafe.naver.com/audiodudu/358882?art=ZXh0ZXJuYWwtc2VydmljZS1uYXZlci1zZWFyY2gtY2FmZS1wcg==.eyJhbGciOiJIUzI1NiIsInR5cCI6IkpXVCJ9.eyJjYWZlVHlwZSI6IkNBRkVfVVJMIiwiY2FmZVVybCI6ImF1ZGlvZHVkdSIsImFydGljbGVJZCI6MzU4ODgyLCJpc3N1ZWRBdCI6MTYzODk0ODA2NDgxNX0.f4YFMk-3tOtoQxxqV2GUdaSN29ByhiSvv4QCoGVf5sA
2,https://cafe.naver.com/starbusphone/25199?art=ZXh0ZXJuYWwtc2VydmljZS1uYXZlci1zZWFyY2gtY2FmZS1wcg==.eyJhbGciOiJIUzI1NiIsInR5cCI6IkpXVCJ9.eyJjYWZlVHlwZSI6IkNBRkVfVVJMIiwiY2FmZVVybCI6InN0YXJidXNwaG9uZSIsImFydGljbGVJZCI6MjUxOTksImlzc3VlZEF0IjoxNjM4OTQ4MDgyOTM4fQ.3um3RGTHq9tVIUNpeeks7Q8WvmSSPBwfKQvmE0gjJ6Y
3,https://cafe.naver.com/miznett/2533900?art=ZXh0ZXJuYWwtc2VydmljZS1uYXZlci1zZWFyY2gtY2FmZS1wcg==.eyJhbGciOiJIUzI1NiIsInR5cCI6IkpXVCJ9.eyJjYWZlVHlwZSI6IkNBRkVfVVJMIiwiY2FmZVVybCI6Im1pem5ldHQiLCJhcnRpY2xlSWQiOjI1MzM5MDAsImlzc3VlZEF0IjoxNjM4OTQ4MDQyNDcwfQ.ArBtsVbUHgLFwifwEyXTeD2vgZPzsjX8oSP87fM3uec
4,https://cafe.naver.com/phmomstory/3952634?art=ZXh0ZXJuYWwtc2VydmljZS1uYXZlci1zZWFyY2gtY2FmZS1wcg==.eyJhbGciOiJIUzI1NiIsInR5cCI6IkpXVCJ9.eyJjYWZlVHlwZSI6IkNBRkVfVVJMIiwiY2FmZVVybCI6InBobW9tc3RvcnkiLCJhcnRpY2xlSWQiOjM5NTI2MzQsImlzc3VlZEF0IjoxNjM4OTQ4MDY0ODE3fQ.X8mbrnfwIj8ouhZKrcnTlsub_c7wQ-nJ73w3nI7u8nA
5,https://cafe.naver.com/avalonanswers/4325?art=ZXh0ZXJuYWwtc2VydmljZS1uYXZlci1zZWFyY2gtY2FmZS1wcg==.eyJhbGciOiJIUzI1NiIsInR5cCI6IkpXVCJ9.eyJjYWZlVHlwZSI6IkNBRkVfVVJMIiwiY2FmZVVybCI6ImF2YWxvbmFuc3dlcnMiLCJhcnRpY2xlSWQiOjQzMjUsImlzc3VlZEF0IjoxNjM4OTQ4MDIzOTI5fQ.O3KskS7yuTzWN3w1E3gkEDaHZujAmnKSp_FkL5vlJBw
6,https://cafe.naver.com/vbzx0708/9589?art=ZXh0ZXJuYWwtc2VydmljZS1uYXZlci1zZWFyY2gtY2FmZS1wcg==.eyJhbGciOiJIUzI1NiIsInR5cCI6IkpXVCJ9.eyJjYWZlVHlwZSI6IkNBRkVfVVJMIiwiY2FmZVVybCI6InZiengwNzA4IiwiYXJ0aWNsZUlkIjo5NTg5LCJpc3N1ZWRBdCI6MTYzODk0Nzk3NTg5NH0.eNNUzfWao5C1mW73yT_rZrGQhuoew_FUWKqH2QPHFUs
7,https://cafe.naver.com/smartelectro/131811?art=ZXh0ZXJuYWwtc2VydmljZS1uYXZlci1zZWFyY2gtY2FmZS1wcg==.eyJhbGciOiJIUzI1NiIsInR5cCI6IkpXVCJ9.eyJjYWZlVHlwZSI6IkNBRkVfVVJMIiwiY2FmZVVybCI6InNtYXJ0ZWxlY3RybyIsImFydGljbGVJZCI6MTMxODExLCJpc3N1ZWRBdCI6MTYzODk0ODA1NzQ1N30.-Ru1TQVbxBThAt56kX2z-9Pl6j5ofAhEMxBGm9nKMP4
8,https://cafe.naver.com/imsanbu/57536790?art=ZXh0ZXJuYWwtc2VydmljZS1uYXZlci1zZWFyY2gtY2FmZS1wcg==.eyJhbGciOiJIUzI1NiIsInR5cCI6IkpXVCJ9.eyJjYWZlVHlwZSI6IkNBRkVfVVJMIiwiY2FmZVVybCI6Imltc2FuYnUiLCJhcnRpY2xlSWQiOjU3NTM2NzkwLCJpc3N1ZWRBdCI6MTYzODk0ODA3NTIwN30.jysOR1LRHr26Yzwt85Ow_sYaDVdUUoI6HuiGiIV_NaU
9,https://cafe.naver.com/skksqjrmqjrm/314?art=ZXh0ZXJuYWwtc2VydmljZS1uYXZlci1zZWFyY2gtY2FmZS1wcg==.eyJhbGciOiJIUzI1NiIsInR5cCI6IkpXVCJ9.eyJjYWZlVHlwZSI6IkNBRkVfVVJMIiwiY2FmZVVybCI6InNra3NxanJtcWpybSIsImFydGljbGVJZCI6MzE0LCJpc3N1ZWRBdCI6MTYzODk0Nzk0NjUzMH0.NaPWHbvr26nqxIaFtsIOiRovrWeiBhloxgZ7qcnAzGc
10,https://cafe.naver.com/enblanc3/6184?art=ZXh0ZXJuYWwtc2VydmljZS1uYXZlci1zZWFyY2gtY2FmZS1wcg==.eyJhbGciOiJIUzI1NiIsInR5cCI6IkpXVCJ9.eyJjYWZlVHlwZSI6IkNBRkVfVVJMIiwiY2FmZVVybCI6ImVuYmxhbmMzIiwiYXJ0aWNsZUlkIjo2MTg0LCJpc3N1ZWRBdCI6MTYzODk0NzkzNTA1Nn0.dfmODRvHsKTw-RkzB8jRC5WXpf61jBfRNOkO-0j9wuk
11,https://cafe.naver.com/miznett/2043609?art=ZXh0ZXJuYWwtc2VydmljZS1uYXZlci1zZWFyY2gtY2FmZS1wcg==.eyJhbGciOiJIUzI1NiIsInR5cCI6IkpXVCJ9.eyJjYWZlVHlwZSI6IkNBRkVfVVJMIiwiY2FmZVVybCI6Im1pem5ldHQiLCJhcnRpY2xlSWQiOjIwNDM2MDksImlzc3VlZEF0IjoxNjM4OTQ3OTk4NzMyfQ.R4-cQq7hZ-E58XTJNsfQENQ67NCg9-YK1lEwQ8UkbX0
12,https://cafe.naver.com/dayshop7/45378?art=ZXh0ZXJuYWwtc2VydmljZS1uYXZlci1zZWFyY2gtY2FmZS1wcg==.eyJhbGciOiJIUzI1NiIsInR5cCI6IkpXVCJ9.eyJjYWZlVHlwZSI6IkNBRkVfVVJMIiwiY2FmZVVybCI6ImRheXNob3A3IiwiYXJ0aWNsZUlkIjo0NTM3OCwiaXNzdWVkQXQiOjE2Mzg5NDgwMjAzNjN9.el4x0rCF0VZjy2fRCBa3JIjEsvuN4sn3QP0FEAteNRE
13,https://cafe.naver.com/appleiphone/6138931?art=ZXh0ZXJuYWwtc2VydmljZS1uYXZlci1zZWFyY2gtY2FmZS1wcg==.eyJhbGciOiJIUzI1NiIsInR5cCI6IkpXVCJ9.eyJjYWZlVHlwZSI6IkNBRkVfVVJMIiwiY2FmZVVybCI6ImFwcGxlaXBob25lIiwiYXJ0aWNsZUlkIjo2MTM4OTMxLCJpc3N1ZWRBdCI6MTYzODk0ODAzNTAyM30.9LMweb_LyAwwG2DGmJaH9He4pM6R1EA-t1CY7b3mFBs
14,https://cafe.naver.com/anycallusershow/2845964?art=ZXh0ZXJuYWwtc2VydmljZS1uYXZlci1zZWFyY2gtY2FmZS1wcg==.eyJhbGciOiJIUzI1NiIsInR5cCI6IkpXVCJ9.eyJjYWZlVHlwZSI6IkNBRkVfVVJMIiwiY2FmZVVybCI6ImFueWNhbGx1c2Vyc2hvdyIsImFydGljbGVJZCI6Mjg0NTk2NCwiaXNzdWVkQXQiOjE2Mzg5NDc5NjU1MDV9.I1wMg9Xs9SIj0a7aQMVbxYjcPxK2yyVlhRkroRG-y1g
15,https://cafe.naver.com/mjann/2018034?art=ZXh0ZXJuYWwtc2VydmljZS1uYXZlci1zZWFyY2gtY2FmZS1wcg==.eyJhbGciOiJIUzI1NiIsInR5cCI6IkpXVCJ9.eyJjYWZlVHlwZSI6IkNBRkVfVVJMIiwiY2FmZVVybCI6Im1qYW5uIiwiYXJ0aWNsZUlkIjoyMDE4MDM0LCJpc3N1ZWRBdCI6MTYzODk0NzkyMzgwOX0.Y5ykbPVSulNkTjZIQ7fIFXcxuJYuipaKfMY5w5D7hj0
16,https://cafe.naver.com/onairbuysell/657?art=ZXh0ZXJuYWwtc2VydmljZS1uYXZlci1zZWFyY2gtY2FmZS1wcg==.eyJhbGciOiJIUzI1NiIsInR5cCI6IkpXVCJ9.eyJjYWZlVHlwZSI6IkNBRkVfVVJMIiwiY2FmZVVybCI6Im9uYWlyYnV5c2VsbCIsImFydGljbGVJZCI6NjU3LCJpc3N1ZWRBdCI6MTYzODk0Nzk0MjU1MH0.pY3TGypOc5Ol7uYodIx8-wiIjvNOOeH3fJHACEdLyew
17,https://cafe.naver.com/imsanbu/57047336?art=ZXh0ZXJuYWwtc2VydmljZS1uYXZlci1zZWFyY2gtY2FmZS1wcg==.eyJhbGciOiJIUzI1NiIsInR5cCI6IkpXVCJ9.eyJjYWZlVHlwZSI6IkNBRkVfVVJMIiwiY2FmZVVybCI6Imltc2FuYnUiLCJhcnRpY2xlSWQiOjU3MDQ3MzM2LCJpc3N1ZWRBdCI6MTYzODk0ODA3MTgwNn0.re1KlTAT09Db-01j9wK_xHTLXrkLFmx7F1vIbuAXoRM
18,https://cafe.naver.com/ckbell/20349?art=ZXh0ZXJuYWwtc2VydmljZS1uYXZlci1zZWFyY2gtY2FmZS1wcg==.eyJhbGciOiJIUzI1NiIsInR5cCI6IkpXVCJ9.eyJjYWZlVHlwZSI6IkNBRkVfVVJMIiwiY2FmZVVybCI6ImNrYmVsbCIsImFydGljbGVJZCI6MjAzNDksImlzc3VlZEF0IjoxNjM4OTQ3OTI3ODE1fQ.NJ9-iOKP2l_ii1lFHerojtVlq5jExeHMoyeIe0FqHV8
19,https://cafe.naver.com/gshuefore/406?art=ZXh0ZXJuYWwtc2VydmljZS1uYXZlci1zZWFyY2gtY2FmZS1wcg==.eyJhbGciOiJIUzI1NiIsInR5cCI6IkpXVCJ9.eyJjYWZlVHlwZSI6IkNBRkVfVVJMIiwiY2FmZVVybCI6ImdzaHVlZm9yZSIsImFydGljbGVJZCI6NDA2LCJpc3N1ZWRBdCI6MTYzODk0NzkwODkyNn0.MkJQrmuyrCMM71joILVXQm221whhDF13WHRcNhdXB5w
20,https://cafe.naver.com/ckbell/22277?art=ZXh0ZXJuYWwtc2VydmljZS1uYXZlci1zZWFyY2gtY2FmZS1wcg==.eyJhbGciOiJIUzI1NiIsInR5cCI6IkpXVCJ9.eyJjYWZlVHlwZSI6IkNBRkVfVVJMIiwiY2FmZVVybCI6ImNrYmVsbCIsImFydGljbGVJZCI6MjIyNzcsImlzc3VlZEF0IjoxNjM4OTQ3OTUwMDMzfQ.QkLoZPX1BLKtm7pY_qo6IY6996_79fF_7_T49gTbvOs
21,https://cafe.naver.com/appleiphone/4639181?art=ZXh0ZXJuYWwtc2VydmljZS1uYXZlci1zZWFyY2gtY2FmZS1wcg==.eyJhbGciOiJIUzI1NiIsInR5cCI6IkpXVCJ9.eyJjYWZlVHlwZSI6IkNBRkVfVVJMIiwiY2FmZVVybCI6ImFwcGxlaXBob25lIiwiYXJ0aWNsZUlkIjo0NjM5MTgxLCJpc3N1ZWRBdCI6MTYzODk0Nzk0NjUyOH0.XM4GQAT3uoIIl4JrUch2E2i_SVUyjhUv-90flObhonA
22,https://cafe.naver.com/avalonanswers/4326?art=ZXh0ZXJuYWwtc2VydmljZS1uYXZlci1zZWFyY2gtY2FmZS1wcg==.eyJhbGciOiJIUzI1NiIsInR5cCI6IkpXVCJ9.eyJjYWZlVHlwZSI6IkNBRkVfVVJMIiwiY2FmZVVybCI6ImF2YWxvbmFuc3dlcnMiLCJhcnRpY2xlSWQiOjQzMjYsImlzc3VlZEF0IjoxNjM4OTQ4MDIzOTMwfQ.Dur9ZX1PnN0pFk5KTpvkxUhBWoObwYE371zv4IEcuGc
23,https://cafe.naver.com/kookminlease/843225?art=ZXh0ZXJuYWwtc2VydmljZS1uYXZlci1zZWFyY2gtY2FmZS1wcg==.eyJhbGciOiJIUzI1NiIsInR5cCI6IkpXVCJ9.eyJjYWZlVHlwZSI6IkNBRkVfVVJMIiwiY2FmZVVybCI6Imtvb2ttaW5sZWFzZSIsImFydGljbGVJZCI6ODQzMjI1LCJpc3N1ZWRBdCI6MTYzODk0ODAzNTAyNH0.K_-v8FMz6mTOok9nto7si5aTR1Cot5__3ABYEp7rb6A
24,https://cafe.naver.com/eumd/3903?art=ZXh0ZXJuYWwtc2VydmljZS1uYXZlci1zZWFyY2gtY2FmZS1wcg==.eyJhbGciOiJIUzI1NiIsInR5cCI6IkpXVCJ9.eyJjYWZlVHlwZSI6IkNBRkVfVVJMIiwiY2FmZVVybCI6ImV1bWQiLCJhcnRpY2xlSWQiOjM5MDMsImlzc3VlZEF0IjoxNjM4OTQ4MDYxMzkwfQ.gJIDssUVbhxnHLZfued7AQG4XBYAAWnLFTB4_JGQo_o
25,https://cafe.naver.com/naverhotel/3581?art=ZXh0ZXJuYWwtc2VydmljZS1uYXZlci1zZWFyY2gtY2FmZS1wcg==.eyJhbGciOiJIUzI1NiIsInR5cCI6IkpXVCJ9.eyJjYWZlVHlwZSI6IkNBRkVfVVJMIiwiY2FmZVVybCI6Im5hdmVyaG90ZWwiLCJhcnRpY2xlSWQiOjM1ODEsImlzc3VlZEF0IjoxNjM4OTQ4MDE2OTc3fQ.xsg5Rkp27jCTnBCljyYK3RNcq-yNze579IPwYWUHgNk
26,https://cafe.naver.com/ratmsoo82/10752?art=ZXh0ZXJuYWwtc2VydmljZS1uYXZlci1zZWFyY2gtY2FmZS1wcg==.eyJhbGciOiJIUzI1NiIsInR5cCI6IkpXVCJ9.eyJjYWZlVHlwZSI6IkNBRkVfVVJMIiwiY2FmZVVybCI6InJhdG1zb284MiIsImFydGljbGVJZCI6MTA3NTIsImlzc3VlZEF0IjoxNjM4OTQ4MDAyNDk0fQ.TwMYkziLuZvflMfLXfCljrIBJyv5Whe5S2eg65wSHkQ
27,https://cafe.naver.com/miznett/2892661?art=ZXh0ZXJuYWwtc2VydmljZS1uYXZlci1zZWFyY2gtY2FmZS1wcg==.eyJhbGciOiJIUzI1NiIsInR5cCI6IkpXVCJ9.eyJjYWZlVHlwZSI6IkNBRkVfVVJMIiwiY2FmZVVybCI6Im1pem5ldHQiLCJhcnRpY2xlSWQiOjI4OTI2NjEsImlzc3VlZEF0IjoxNjM4OTQ4MDcxODA0fQ.jIwzNhHOqQ5Dx7Cte7eATDfkMhCdvY7JnuXD9UCjP30
28,https://cafe.naver.com/cosmania/32331223?art=ZXh0ZXJuYWwtc2VydmljZS1uYXZlci1zZWFyY2gtY2FmZS1wcg==.eyJhbGciOiJIUzI1NiIsInR5cCI6IkpXVCJ9.eyJjYWZlVHlwZSI6IkNBRkVfVVJMIiwiY2FmZVVybCI6ImNvc21hbmlhIiwiYXJ0aWNsZUlkIjozMjMzMTIyMywiaXNzdWVkQXQiOjE2Mzg5NDgwNjEzODl9.fOKv1NTyHdsIStbudoy-gKSeSVMbhT42KKtj40hL-4U
29,https://cafe.naver.com/imsanbu/56543469?art=ZXh0ZXJuYWwtc2VydmljZS1uYXZlci1zZWFyY2gtY2FmZS1wcg==.eyJhbGciOiJIUzI1NiIsInR5cCI6IkpXVCJ9.eyJjYWZlVHlwZSI6IkNBRkVfVVJMIiwiY2FmZVVybCI6Imltc2FuYnUiLCJhcnRpY2xlSWQiOjU2NTQzNDY5LCJpc3N1ZWRBdCI6MTYzODk0ODA2ODQ2MH0.JhR7GS48R4A0SnP5fDsQyxrTSi1YZ342SPy0509QbF4
30,https://cafe.naver.com/miznett/2659094?art=ZXh0ZXJuYWwtc2VydmljZS1uYXZlci1zZWFyY2gtY2FmZS1wcg==.eyJhbGciOiJIUzI1NiIsInR5cCI6IkpXVCJ9.eyJjYWZlVHlwZSI6IkNBRkVfVVJMIiwiY2FmZVVybCI6Im1pem5ldHQiLCJhcnRpY2xlSWQiOjI2NTkwOTQsImlzc3VlZEF0IjoxNjM4OTQ4MDUwMDUwfQ._oQBXC56GqzVPhbjGojcZnUcKk8GKKMrRg-JMmAaqQc
31,https://cafe.naver.com/imsanbu/57580218?art=ZXh0ZXJuYWwtc2VydmljZS1uYXZlci1zZWFyY2gtY2FmZS1wcg==.eyJhbGciOiJIUzI1NiIsInR5cCI6IkpXVCJ9.eyJjYWZlVHlwZSI6IkNBRkVfVVJMIiwiY2FmZVVybCI6Imltc2FuYnUiLCJhcnRpY2xlSWQiOjU3NTgwMjE4LCJpc3N1ZWRBdCI6MTYzODk0ODA3NTIwNX0.x9WWRfiJpefTcH8kgGm5G7HN9WQUqdryGesRLIWvm0k
32,https://cafe.naver.com/miznett/2602897?art=ZXh0ZXJuYWwtc2VydmljZS1uYXZlci1zZWFyY2gtY2FmZS1wcg==.eyJhbGciOiJIUzI1NiIsInR5cCI6IkpXVCJ9.eyJjYWZlVHlwZSI6IkNBRkVfVVJMIiwiY2FmZVVybCI6Im1pem5ldHQiLCJhcnRpY2xlSWQiOjI2MDI4OTcsImlzc3VlZEF0IjoxNjM4OTQ4MDQ2MjM4fQ.WJ-ONuyFe_CPD_WrMCBCZbYUScc_t-PX8sRs2JOuXnY
33,https://cafe.naver.com/themukja/875236?art=ZXh0ZXJuYWwtc2VydmljZS1uYXZlci1zZWFyY2gtY2FmZS1wcg==.eyJhbGciOiJIUzI1NiIsInR5cCI6IkpXVCJ9.eyJjYWZlVHlwZSI6IkNBRkVfVVJMIiwiY2FmZVVybCI6InRoZW11a2phIiwiYXJ0aWNsZUlkIjo4NzUyMzYsImlzc3VlZEF0IjoxNjM4OTQ3ODcyMzkxfQ.MIOTomAG0MerBWGg49BWqwwI3Ja3ZodqSrYYJsiLUtY
34,https://cafe.naver.com/boseus/4815?art=ZXh0ZXJuYWwtc2VydmljZS1uYXZlci1zZWFyY2gtY2FmZS1wcg==.eyJhbGciOiJIUzI1NiIsInR5cCI6IkpXVCJ9.eyJjYWZlVHlwZSI6IkNBRkVfVVJMIiwiY2FmZVVybCI6ImJvc2V1cyIsImFydGljbGVJZCI6NDgxNSwiaXNzdWVkQXQiOjE2Mzg5NDc5MTI3MTJ9.L6eXjji0C8YJfup9HERMmLVjOMVbUb8qCT5S5IWov4w
35,https://cafe.naver.com/kimyoooo/793503?art=ZXh0ZXJuYWwtc2VydmljZS1uYXZlci1zZWFyY2gtY2FmZS1wcg==.eyJhbGciOiJIUzI1NiIsInR5cCI6IkpXVCJ9.eyJjYWZlVHlwZSI6IkNBRkVfVVJMIiwiY2FmZVVybCI6ImtpbXlvb29vIiwiYXJ0aWNsZUlkIjo3OTM1MDMsImlzc3VlZEF0IjoxNjM4OTQ4MDc1MjA2fQ.p-AlKwCMAXMrG21ul_SvoTpOPEcV5PQGbvuULxF-pT8
36,https://cafe.naver.com/ruicruel/1244?art=ZXh0ZXJuYWwtc2VydmljZS1uYXZlci1zZWFyY2gtY2FmZS1wcg==.eyJhbGciOiJIUzI1NiIsInR5cCI6IkpXVCJ9.eyJjYWZlVHlwZSI6IkNBRkVfVVJMIiwiY2FmZVVybCI6InJ1aWNydWVsIiwiYXJ0aWNsZUlkIjoxMjQ0LCJpc3N1ZWRBdCI6MTYzODk0Nzg2ODUzMH0.P0PkH1ZrJ3Y2W2chFtr8rmdJN-Ja1-vgSipgwQwza94
37,https://cafe.naver.com/tttaa12/8505?art=ZXh0ZXJuYWwtc2VydmljZS1uYXZlci1zZWFyY2gtY2FmZS1wcg==.eyJhbGciOiJIUzI1NiIsInR5cCI6IkpXVCJ9.eyJjYWZlVHlwZSI6IkNBRkVfVVJMIiwiY2FmZVVybCI6InR0dGFhMTIiLCJhcnRpY2xlSWQiOjg1MDUsImlzc3VlZEF0IjoxNjM4OTQ4MDQ2MjM4fQ.FQytnjRp_DAONzh7KWDWC-MmE-q_zcSGBTG7g-3avGQ
38,https://cafe.naver.com/ckgame2020b/530?art=ZXh0ZXJuYWwtc2VydmljZS1uYXZlci1zZWFyY2gtY2FmZS1wcg==.eyJhbGciOiJIUzI1NiIsInR5cCI6IkpXVCJ9.eyJjYWZlVHlwZSI6IkNBRkVfVVJMIiwiY2FmZVVybCI6ImNrZ2FtZTIwMjBiIiwiYXJ0aWNsZUlkIjo1MzAsImlzc3VlZEF0IjoxNjM4OTQ4MDE2OTc2fQ.FdO_tClEnOO3dEqSeORpTi6_6LSBedP422txwA4jOUQ
39,https://cafe.naver.com/openlohas/140741?art=ZXh0ZXJuYWwtc2VydmljZS1uYXZlci1zZWFyY2gtY2FmZS1wcg==.eyJhbGciOiJIUzI1NiIsInR5cCI6IkpXVCJ9.eyJjYWZlVHlwZSI6IkNBRkVfVVJMIiwiY2FmZVVybCI6Im9wZW5sb2hhcyIsImFydGljbGVJZCI6MTQwNzQxLCJpc3N1ZWRBdCI6MTYzODk0NzkzMTY1N30.uFrVLs2lgqlSIlNqURAvKHTGV2sC2pfnPDBgn8D8ed4
40,https://cafe.naver.com/miznett/2224215?art=ZXh0ZXJuYWwtc2VydmljZS1uYXZlci1zZWFyY2gtY2FmZS1wcg==.eyJhbGciOiJIUzI1NiIsInR5cCI6IkpXVCJ9.eyJjYWZlVHlwZSI6IkNBRkVfVVJMIiwiY2FmZVVybCI6Im1pem5ldHQiLCJhcnRpY2xlSWQiOjIyMjQyMTUsImlzc3VlZEF0IjoxNjM4OTQ4MDE2OTc0fQ.lgdDIfhjRs6iOm55bR0c1Cw0qLbeFjJKUUww7bYIiWE
41,https://cafe.naver.com/pkd7/120943?art=ZXh0ZXJuYWwtc2VydmljZS1uYXZlci1zZWFyY2gtY2FmZS1wcg==.eyJhbGciOiJIUzI1NiIsInR5cCI6IkpXVCJ9.eyJjYWZlVHlwZSI6IkNBRkVfVVJMIiwiY2FmZVVybCI6InBrZDciLCJhcnRpY2xlSWQiOjEyMDk0MywiaXNzdWVkQXQiOjE2Mzg5NDc5ODM2MjZ9.3bauKudP0WeUAZ9cGoOk1tSmVHHWIhZxwxWQrxrey2E
42,https://cafe.naver.com/joonggonara/792187550?art=ZXh0ZXJuYWwtc2VydmljZS1uYXZlci1zZWFyY2gtY2FmZS1wcg==.eyJhbGciOiJIUzI1NiIsInR5cCI6IkpXVCJ9.eyJjYWZlVHlwZSI6IkNBRkVfVVJMIiwiY2FmZVVybCI6Impvb25nZ29uYXJhIiwiYXJ0aWNsZUlkIjo3OTIxODc1NTAsImlzc3VlZEF0IjoxNjM4OTQ4MDM1MDIyfQ.RzqqUN1am3ObZwGACcIaSEHg4TjXfq6mxK-BJU38UKk
43,https://cafe.naver.com/jsjmembers/70?art=ZXh0ZXJuYWwtc2VydmljZS1uYXZlci1zZWFyY2gtY2FmZS1wcg==.eyJhbGciOiJIUzI1NiIsInR5cCI6IkpXVCJ9.eyJjYWZlVHlwZSI6IkNBRkVfVVJMIiwiY2FmZVVybCI6Impzam1lbWJlcnMiLCJhcnRpY2xlSWQiOjcwLCJpc3N1ZWRBdCI6MTYzODk0ODAzNTAyNn0.zMOlDJFhQkG9tRub3Cn7cFUMJMHPNXxxmHqwdhb7gWM
44,https://cafe.naver.com/tradedangjin/12261?art=ZXh0ZXJuYWwtc2VydmljZS1uYXZlci1zZWFyY2gtY2FmZS1wcg==.eyJhbGciOiJIUzI1NiIsInR5cCI6IkpXVCJ9.eyJjYWZlVHlwZSI6IkNBRkVfVVJMIiwiY2FmZVVybCI6InRyYWRlZGFuZ2ppbiIsImFydGljbGVJZCI6MTIyNjEsImlzc3VlZEF0IjoxNjM4OTQ4MDM1MDI0fQ.R1Np14WWLgZ6ODmoO7BnHLGOmCleZEvQwcYfZWZZW9w
45,https://cafe.naver.com/biz24/19377?art=ZXh0ZXJuYWwtc2VydmljZS1uYXZlci1zZWFyY2gtY2FmZS1wcg==.eyJhbGciOiJIUzI1NiIsInR5cCI6IkpXVCJ9.eyJjYWZlVHlwZSI6IkNBRkVfVVJMIiwiY2FmZVVybCI6ImJpejI0IiwiYXJ0aWNsZUlkIjoxOTM3NywiaXNzdWVkQXQiOjE2Mzg5NDc5MDE3MjJ9.6BXykxgSYNpGAOqD_i3vrfo-hm4HVxKaBeclTIxG4IE
46,https://cafe.naver.com/imsanbu/33623017?art=ZXh0ZXJuYWwtc2VydmljZS1uYXZlci1zZWFyY2gtY2FmZS1wcg==.eyJhbGciOiJIUzI1NiIsInR5cCI6IkpXVCJ9.eyJjYWZlVHlwZSI6IkNBRkVfVVJMIiwiY2FmZVVybCI6Imltc2FuYnUiLCJhcnRpY2xlSWQiOjMzNjIzMDE3LCJpc3N1ZWRBdCI6MTYzODk0Nzg2ODUyOX0.NY6etBVVFSdim-7wnci2UmLg63ZdqCig-5gt_9vuREg
47,https://cafe.naver.com/malltail/5587812?art=ZXh0ZXJuYWwtc2VydmljZS1uYXZlci1zZWFyY2gtY2FmZS1wcg==.eyJhbGciOiJIUzI1NiIsInR5cCI6IkpXVCJ9.eyJjYWZlVHlwZSI6IkNBRkVfVVJMIiwiY2FmZVVybCI6Im1hbGx0YWlsIiwiYXJ0aWNsZUlkIjo1NTg3ODEyLCJpc3N1ZWRBdCI6MTYzODk0ODAyMDM2N30.t4QjYWuNFR8CtRUTdhLxsbhrHEiWllM3kdOSJP2bB_c
48,https://cafe.naver.com/norihouse/730323?art=ZXh0ZXJuYWwtc2VydmljZS1uYXZlci1zZWFyY2gtY2FmZS1wcg==.eyJhbGciOiJIUzI1NiIsInR5cCI6IkpXVCJ9.eyJjYWZlVHlwZSI6IkNBRkVfVVJMIiwiY2FmZVVybCI6Im5vcmlob3VzZSIsImFydGljbGVJZCI6NzMwMzIzLCJpc3N1ZWRBdCI6MTYzODk0ODAyNzc4NH0.y5YN0MR6H0fMndfCF_flckH5-3T7wKy80ORk2yLkKdM
49,https://cafe.naver.com/ubin0106/24656?art=ZXh0ZXJuYWwtc2VydmljZS1uYXZlci1zZWFyY2gtY2FmZS1wcg==.eyJhbGciOiJIUzI1NiIsInR5cCI6IkpXVCJ9.eyJjYWZlVHlwZSI6IkNBRkVfVVJMIiwiY2FmZVVybCI6InViaW4wMTA2IiwiYXJ0aWNsZUlkIjoyNDY1NiwiaXNzdWVkQXQiOjE2Mzg5NDc5NTM3MjJ9.ManRC-pppV0EuB-2E4nZf4aYw3Ze9eSkAMCRHq-CXxg
50,https://cafe.naver.com/miznett/2850079?art=ZXh0ZXJuYWwtc2VydmljZS1uYXZlci1zZWFyY2gtY2FmZS1wcg==.eyJhbGciOiJIUzI1NiIsInR5cCI6IkpXVCJ9.eyJjYWZlVHlwZSI6IkNBRkVfVVJMIiwiY2FmZVVybCI6Im1pem5ldHQiLCJhcnRpY2xlSWQiOjI4NTAwNzksImlzc3VlZEF0IjoxNjM4OTQ4MDY4NDYxfQ._mHxFY3rxrz1Vgrux395EHSQhiALDN6YORTtG3XU3f8
51,https://cafe.naver.com/newkidsbattle/168972?art=ZXh0ZXJuYWwtc2VydmljZS1uYXZlci1zZWFyY2gtY2FmZS1wcg==.eyJhbGciOiJIUzI1NiIsInR5cCI6IkpXVCJ9.eyJjYWZlVHlwZSI6IkNBRkVfVVJMIiwiY2FmZVVybCI6Im5ld2tpZHNiYXR0bGUiLCJhcnRpY2xlSWQiOjE2ODk3MiwiaXNzdWVkQXQiOjE2Mzg5NDgwNDYyMzd9.jFGzShy1DWHKuzQU27Xj7V6aQDc1LNnVlN0yDCwd-hA
52,https://cafe.naver.com/imsanbu/57252209?art=ZXh0ZXJuYWwtc2VydmljZS1uYXZlci1zZWFyY2gtY2FmZS1wcg==.eyJhbGciOiJIUzI1NiIsInR5cCI6IkpXVCJ9.eyJjYWZlVHlwZSI6IkNBRkVfVVJMIiwiY2FmZVVybCI6Imltc2FuYnUiLCJhcnRpY2xlSWQiOjU3MjUyMjA5LCJpc3N1ZWRBdCI6MTYzODk0ODA3NTIwNH0.Tjlp65OLDax4SaURAEgeUj--Dhe-DlRcWQ_uE1fX2V8
53,https://cafe.naver.com/avalonanswers/4307?art=ZXh0ZXJuYWwtc2VydmljZS1uYXZlci1zZWFyY2gtY2FmZS1wcg==.eyJhbGciOiJIUzI1NiIsInR5cCI6IkpXVCJ9.eyJjYWZlVHlwZSI6IkNBRkVfVVJMIiwiY2FmZVVybCI6ImF2YWxvbmFuc3dlcnMiLCJhcnRpY2xlSWQiOjQzMDcsImlzc3VlZEF0IjoxNjM4OTQ4MDIwMzY5fQ.F8MDqD4N4RiBK0SeNAIa57JAYxMFkAdIhe7Hfgwtz9w
54,https://cafe.naver.com/buchonmom/1899790?art=ZXh0ZXJuYWwtc2VydmljZS1uYXZlci1zZWFyY2gtY2FmZS1wcg==.eyJhbGciOiJIUzI1NiIsInR5cCI6IkpXVCJ9.eyJjYWZlVHlwZSI6IkNBRkVfVVJMIiwiY2FmZVVybCI6ImJ1Y2hvbm1vbSIsImFydGljbGVJZCI6MTg5OTc5MCwiaXNzdWVkQXQiOjE2Mzg5NDc5OTA4NTN9.hi8je6u6v0PMAfNtPRkPDzSlZXyX1z0-VWk53kgQLds
55,https://cafe.naver.com/hotellife/1581246?art=ZXh0ZXJuYWwtc2VydmljZS1uYXZlci1zZWFyY2gtY2FmZS1wcg==.eyJhbGciOiJIUzI1NiIsInR5cCI6IkpXVCJ9.eyJjYWZlVHlwZSI6IkNBRkVfVVJMIiwiY2FmZVVybCI6ImhvdGVsbGlmZSIsImFydGljbGVJZCI6MTU4MTI0NiwiaXNzdWVkQXQiOjE2Mzg5NDgwMjc3ODV9._71h79xf9jBEzhG0SwkdjKyvv0BnO3Tl5DyuXhfOYM4
56,https://cafe.naver.com/woonewsbriefing/523?art=ZXh0ZXJuYWwtc2VydmljZS1uYXZlci1zZWFyY2gtY2FmZS1wcg==.eyJhbGciOiJIUzI1NiIsInR5cCI6IkpXVCJ9.eyJjYWZlVHlwZSI6IkNBRkVfVVJMIiwiY2FmZVVybCI6Indvb25ld3NicmllZmluZyIsImFydGljbGVJZCI6NTIzLCJpc3N1ZWRBdCI6MTYzODk0ODA0MjQ3M30.-27zW2ktuO6QYmo_Q95vvW24TfjN_ysMgt2flxK0wZ8
57,https://cafe.naver.com/miznett/2075646?art=ZXh0ZXJuYWwtc2VydmljZS1uYXZlci1zZWFyY2gtY2FmZS1wcg==.eyJhbGciOiJIUzI1NiIsInR5cCI6IkpXVCJ9.eyJjYWZlVHlwZSI6IkNBRkVfVVJMIiwiY2FmZVVybCI6Im1pem5ldHQiLCJhcnRpY2xlSWQiOjIwNzU2NDYsImlzc3VlZEF0IjoxNjM4OTQ4MDAyNDkzfQ.JSOsQ4sc7PP59rNu1wtz0ko33hDQ4lkUFwuOYm_3XC0
58,https://cafe.naver.com/godeokxi/7776?art=ZXh0ZXJuYWwtc2VydmljZS1uYXZlci1zZWFyY2gtY2FmZS1wcg==.eyJhbGciOiJIUzI1NiIsInR5cCI6IkpXVCJ9.eyJjYWZlVHlwZSI6IkNBRkVfVVJMIiwiY2FmZVVybCI6ImdvZGVva3hpIiwiYXJ0aWNsZUlkIjo3Nzc2LCJpc3N1ZWRBdCI6MTYzODk0ODA3MTgwNX0.nlMnbJpYxVtzUQCANATkKs4LBEm0AgCVC-yeENdJCg0
59,https://cafe.naver.com/jookjeonmom/1187686?art=ZXh0ZXJuYWwtc2VydmljZS1uYXZlci1zZWFyY2gtY2FmZS1wcg==.eyJhbGciOiJIUzI1NiIsInR5cCI6IkpXVCJ9.eyJjYWZlVHlwZSI6IkNBRkVfVVJMIiwiY2FmZVVybCI6Impvb2tqZW9ubW9tIiwiYXJ0aWNsZUlkIjoxMTg3Njg2LCJpc3N1ZWRBdCI6MTYzODk0ODA0MjQ3Mn0.VhKWlNnhdk6zFY1fVYnbjXJLm_11x4c1ns_uw09ACHs
60,https://cafe.naver.com/malltail/4496555?art=ZXh0ZXJuYWwtc2VydmljZS1uYXZlci1zZWFyY2gtY2FmZS1wcg==.eyJhbGciOiJIUzI1NiIsInR5cCI6IkpXVCJ9.eyJjYWZlVHlwZSI6IkNBRkVfVVJMIiwiY2FmZVVybCI6Im1hbGx0YWlsIiwiYXJ0aWNsZUlkIjo0NDk2NTU1LCJpc3N1ZWRBdCI6MTYzODk0NzkxNjU1Mn0.MfE1D1ELJxxwcKs5LphTjfF9bqfmXGznh7md2buuM-0
61,https://cafe.naver.com/imsanbu/57402603?art=ZXh0ZXJuYWwtc2VydmljZS1uYXZlci1zZWFyY2gtY2FmZS1wcg==.eyJhbGciOiJIUzI1NiIsInR5cCI6IkpXVCJ9.eyJjYWZlVHlwZSI6IkNBRkVfVVJMIiwiY2FmZVVybCI6Imltc2FuYnUiLCJhcnRpY2xlSWQiOjU3NDAyNjAzLCJpc3N1ZWRBdCI6MTYzODk0ODA3NTIwNX0.p5DIbe-xya4zjR4H6Vqz242FMpsGzwBRxzLS-s0fsRM
62,https://cafe.naver.com/imsanbu/57187815?art=ZXh0ZXJuYWwtc2VydmljZS1uYXZlci1zZWFyY2gtY2FmZS1wcg==.eyJhbGciOiJIUzI1NiIsInR5cCI6IkpXVCJ9.eyJjYWZlVHlwZSI6IkNBRkVfVVJMIiwiY2FmZVVybCI6Imltc2FuYnUiLCJhcnRpY2xlSWQiOjU3MTg3ODE1LCJpc3N1ZWRBdCI6MTYzODk0ODA3NTIwN30.QT3_Vkcjbz_vY5p8S3nAKilIayGpFNNEFdpmiySJybw
63,https://cafe.naver.com/miznett/2039703?art=ZXh0ZXJuYWwtc2VydmljZS1uYXZlci1zZWFyY2gtY2FmZS1wcg==.eyJhbGciOiJIUzI1NiIsInR5cCI6IkpXVCJ9.eyJjYWZlVHlwZSI6IkNBRkVfVVJMIiwiY2FmZVVybCI6Im1pem5ldHQiLCJhcnRpY2xlSWQiOjIwMzk3MDMsImlzc3VlZEF0IjoxNjM4OTQ3OTk0ODAzfQ.XHDUtx4I6G0RPxduL5n1oXAuGfG0svntAM4WxQE6clc
64,https://cafe.naver.com/ccet/2640?art=ZXh0ZXJuYWwtc2VydmljZS1uYXZlci1zZWFyY2gtY2FmZS1wcg==.eyJhbGciOiJIUzI1NiIsInR5cCI6IkpXVCJ9.eyJjYWZlVHlwZSI6IkNBRkVfVVJMIiwiY2FmZVVybCI6ImNjZXQiLCJhcnRpY2xlSWQiOjI2NDAsImlzc3VlZEF0IjoxNjM4OTQ4MDM1MDI2fQ.ZIW14nLGcmT1PkMswpIL50zPjGKLVVIxDIO97m5mxMU
65,https://cafe.naver.com/imsanbu/44716065?art=ZXh0ZXJuYWwtc2VydmljZS1uYXZlci1zZWFyY2gtY2FmZS1wcg==.eyJhbGciOiJIUzI1NiIsInR5cCI6IkpXVCJ9.eyJjYWZlVHlwZSI6IkNBRkVfVVJMIiwiY2FmZVVybCI6Imltc2FuYnUiLCJhcnRpY2xlSWQiOjQ0NzE2MDY1LCJpc3N1ZWRBdCI6MTYzODk0Nzk3MjQwM30.U4X0L3jVsXDeRXsMVmx1bdMzkjQbLp5w9_xH7NCTtp4
66,https://cafe.naver.com/ckbell/33303?art=ZXh0ZXJuYWwtc2VydmljZS1uYXZlci1zZWFyY2gtY2FmZS1wcg==.eyJhbGciOiJIUzI1NiIsInR5cCI6IkpXVCJ9.eyJjYWZlVHlwZSI6IkNBRkVfVVJMIiwiY2FmZVVybCI6ImNrYmVsbCIsImFydGljbGVJZCI6MzMzMDMsImlzc3VlZEF0IjoxNjM4OTQ4MDA5OTA4fQ.O406_deRybOjjM1qKuxhDZr50fy8YDbrYu0nfdMgMes
67,https://cafe.naver.com/easyelecshopping/7547?art=ZXh0ZXJuYWwtc2VydmljZS1uYXZlci1zZWFyY2gtY2FmZS1wcg==.eyJhbGciOiJIUzI1NiIsInR5cCI6IkpXVCJ9.eyJjYWZlVHlwZSI6IkNBRkVfVVJMIiwiY2FmZVVybCI6ImVhc3llbGVjc2hvcHBpbmciLCJhcnRpY2xlSWQiOjc1NDcsImlzc3VlZEF0IjoxNjM4OTQ4MDUwMDUyfQ.IRoPK_an7gbLExHrC1hGpIDB87rnvGUxsZyU_mkEj5w
68,https://cafe.naver.com/smartelectro/50586?art=ZXh0ZXJuYWwtc2VydmljZS1uYXZlci1zZWFyY2gtY2FmZS1wcg==.eyJhbGciOiJIUzI1NiIsInR5cCI6IkpXVCJ9.eyJjYWZlVHlwZSI6IkNBRkVfVVJMIiwiY2FmZVVybCI6InNtYXJ0ZWxlY3RybyIsImFydGljbGVJZCI6NTA1ODYsImlzc3VlZEF0IjoxNjM4OTQ3ODY4NTMxfQ.G6_2ZYjtZ6XWA9U1Xfk0Zcs3q662xg4QvwTLyzCAOak
69,https://cafe.naver.com/imsanbu/57362190?art=ZXh0ZXJuYWwtc2VydmljZS1uYXZlci1zZWFyY2gtY2FmZS1wcg==.eyJhbGciOiJIUzI1NiIsInR5cCI6IkpXVCJ9.eyJjYWZlVHlwZSI6IkNBRkVfVVJMIiwiY2FmZVVybCI6Imltc2FuYnUiLCJhcnRpY2xlSWQiOjU3MzYyMTkwLCJpc3N1ZWRBdCI6MTYzODk0ODA3NTIwOX0.nrQ4ERX6u3MEldK66XLoG4uEnd4loza8xmso0liqD-Y
70,https://cafe.naver.com/anycallusershow/2939482?art=ZXh0ZXJuYWwtc2VydmljZS1uYXZlci1zZWFyY2gtY2FmZS1wcg==.eyJhbGciOiJIUzI1NiIsInR5cCI6IkpXVCJ9.eyJjYWZlVHlwZSI6IkNBRkVfVVJMIiwiY2FmZVVybCI6ImFueWNhbGx1c2Vyc2hvdyIsImFydGljbGVJZCI6MjkzOTQ4MiwiaXNzdWVkQXQiOjE2Mzg5NDc5NzU4OTN9.RXCNzR0ALQKa0cGaioGtjMfURgtejJqWMKhobe2OU64
71,https://cafe.naver.com/avalonanswers/4306?art=ZXh0ZXJuYWwtc2VydmljZS1uYXZlci1zZWFyY2gtY2FmZS1wcg==.eyJhbGciOiJIUzI1NiIsInR5cCI6IkpXVCJ9.eyJjYWZlVHlwZSI6IkNBRkVfVVJMIiwiY2FmZVVybCI6ImF2YWxvbmFuc3dlcnMiLCJhcnRpY2xlSWQiOjQzMDYsImlzc3VlZEF0IjoxNjM4OTQ4MDIwMzY4fQ.QtlUD9ipH9xViqlCGG92SoPAPaMSgnrlQTYPoUkaLAU
72,https://cafe.naver.com/esyori/2594496?art=ZXh0ZXJuYWwtc2VydmljZS1uYXZlci1zZWFyY2gtY2FmZS1wcg==.eyJhbGciOiJIUzI1NiIsInR5cCI6IkpXVCJ9.eyJjYWZlVHlwZSI6IkNBRkVfVVJMIiwiY2FmZVVybCI6ImVzeW9yaSIsImFydGljbGVJZCI6MjU5NDQ5NiwiaXNzdWVkQXQiOjE2Mzg5NDgwNjEzOTF9.bQSo0OT6MOUbry5vqO1MJVP52Byelfnagwgjv67kvTI
73,https://cafe.naver.com/no1cheonan/1190327?art=ZXh0ZXJuYWwtc2VydmljZS1uYXZlci1zZWFyY2gtY2FmZS1wcg==.eyJhbGciOiJIUzI1NiIsInR5cCI6IkpXVCJ9.eyJjYWZlVHlwZSI6IkNBRkVfVVJMIiwiY2FmZVVybCI6Im5vMWNoZW9uYW4iLCJhcnRpY2xlSWQiOjExOTAzMjcsImlzc3VlZEF0IjoxNjM4OTQ3OTIwMzU1fQ.FNSPuUmWomPxtaF_JnDaE6xS0OUmmhsLCxYNb2olpiU
74,https://cafe.naver.com/miznett/1876865?art=ZXh0ZXJuYWwtc2VydmljZS1uYXZlci1zZWFyY2gtY2FmZS1wcg==.eyJhbGciOiJIUzI1NiIsInR5cCI6IkpXVCJ9.eyJjYWZlVHlwZSI6IkNBRkVfVVJMIiwiY2FmZVVybCI6Im1pem5ldHQiLCJhcnRpY2xlSWQiOjE4NzY4NjUsImlzc3VlZEF0IjoxNjM4OTQ3OTY1NTA0fQ.QLU597otlOpt3hekmRHOY3ExsSyd1WwY4a_AhxSpHcM
75,https://cafe.naver.com/forparrot/7479?art=ZXh0ZXJuYWwtc2VydmljZS1uYXZlci1zZWFyY2gtY2FmZS1wcg==.eyJhbGciOiJIUzI1NiIsInR5cCI6IkpXVCJ9.eyJjYWZlVHlwZSI6IkNBRkVfVVJMIiwiY2FmZVVybCI6ImZvcnBhcnJvdCIsImFydGljbGVJZCI6NzQ3OSwiaXNzdWVkQXQiOjE2Mzg5NDc5MzUwNTZ9.bOl1eumWkuK3fwRoNBNeaLaC3CL5thRxC_lLZL3uG4c
76,https://cafe.naver.com/optimuslteuser/838622?art=ZXh0ZXJuYWwtc2VydmljZS1uYXZlci1zZWFyY2gtY2FmZS1wcg==.eyJhbGciOiJIUzI1NiIsInR5cCI6IkpXVCJ9.eyJjYWZlVHlwZSI6IkNBRkVfVVJMIiwiY2FmZVVybCI6Im9wdGltdXNsdGV1c2VyIiwiYXJ0aWNsZUlkIjo4Mzg2MjIsImlzc3VlZEF0IjoxNjM4OTQ4MDM1MDIyfQ.Y6noqJfvTS4tKmextX_5Ghd9vS7c8VZ4c9rz6pQnPuc
77,https://cafe.naver.com/miznett/2046643?art=ZXh0ZXJuYWwtc2VydmljZS1uYXZlci1zZWFyY2gtY2FmZS1wcg==.eyJhbGciOiJIUzI1NiIsInR5cCI6IkpXVCJ9.eyJjYWZlVHlwZSI6IkNBRkVfVVJMIiwiY2FmZVVybCI6Im1pem5ldHQiLCJhcnRpY2xlSWQiOjIwNDY2NDMsImlzc3VlZEF0IjoxNjM4OTQ3OTk4NzM0fQ.TES3xe6ELzmRw-45uDJHxtVK5WXvB6AidyAuYjK3R5U
78,https://cafe.naver.com/avalonanswers/4291?art=ZXh0ZXJuYWwtc2VydmljZS1uYXZlci1zZWFyY2gtY2FmZS1wcg==.eyJhbGciOiJIUzI1NiIsInR5cCI6IkpXVCJ9.eyJjYWZlVHlwZSI6IkNBRkVfVVJMIiwiY2FmZVVybCI6ImF2YWxvbmFuc3dlcnMiLCJhcnRpY2xlSWQiOjQyOTEsImlzc3VlZEF0IjoxNjM4OTQ4MDIwMzY4fQ.YXqUcEs6HmyGxB510NC1iiHLgXhfJ3urUWUKdMLDbTY
79,https://cafe.naver.com/easyelecshopping/19?art=ZXh0ZXJuYWwtc2VydmljZS1uYXZlci1zZWFyY2gtY2FmZS1wcg==.eyJhbGciOiJIUzI1NiIsInR5cCI6IkpXVCJ9.eyJjYWZlVHlwZSI6IkNBRkVfVVJMIiwiY2FmZVVybCI6ImVhc3llbGVjc2hvcHBpbmciLCJhcnRpY2xlSWQiOjE5LCJpc3N1ZWRBdCI6MTYzODk0ODAwNTk4Mn0.8ZWzIpKHC6FAb6oxAmki9NNussE2f8m6O008OmKKCUM
80,https://cafe.naver.com/miznett/2713954?art=ZXh0ZXJuYWwtc2VydmljZS1uYXZlci1zZWFyY2gtY2FmZS1wcg==.eyJhbGciOiJIUzI1NiIsInR5cCI6IkpXVCJ9.eyJjYWZlVHlwZSI6IkNBRkVfVVJMIiwiY2FmZVVybCI6Im1pem5ldHQiLCJhcnRpY2xlSWQiOjI3MTM5NTQsImlzc3VlZEF0IjoxNjM4OTQ4MDU3NDU1fQ.fFFa-bZdpXtkHPxNDkn3GuOaBJTkSSwPRO_AWaxkiAg
81,https://cafe.naver.com/wd231daszx/16889?art=ZXh0ZXJuYWwtc2VydmljZS1uYXZlci1zZWFyY2gtY2FmZS1wcg==.eyJhbGciOiJIUzI1NiIsInR5cCI6IkpXVCJ9.eyJjYWZlVHlwZSI6IkNBRkVfVVJMIiwiY2FmZVVybCI6IndkMjMxZGFzengiLCJhcnRpY2xlSWQiOjE2ODg5LCJpc3N1ZWRBdCI6MTYzODk0Nzk5NDgwNH0.q9dfk_Ma7RAV9ZOO2hzCv6W9H1smWUeIipd0AQhIi24
82,https://cafe.naver.com/noruopg/8774?art=ZXh0ZXJuYWwtc2VydmljZS1uYXZlci1zZWFyY2gtY2FmZS1wcg==.eyJhbGciOiJIUzI1NiIsInR5cCI6IkpXVCJ9.eyJjYWZlVHlwZSI6IkNBRkVfVVJMIiwiY2FmZVVybCI6Im5vcnVvcGciLCJhcnRpY2xlSWQiOjg3NzQsImlzc3VlZEF0IjoxNjM4OTQ4MDUwMDUzfQ.ZHtSTB03ywceIiCtQ-fTM2mmNEMRFiyTiRF9DrYqpgE
83,https://cafe.naver.com/directwedding/3303554?art=ZXh0ZXJuYWwtc2VydmljZS1uYXZlci1zZWFyY2gtY2FmZS1wcg==.eyJhbGciOiJIUzI1NiIsInR5cCI6IkpXVCJ9.eyJjYWZlVHlwZSI6IkNBRkVfVVJMIiwiY2FmZVVybCI6ImRpcmVjdHdlZGRpbmciLCJhcnRpY2xlSWQiOjMzMDM1NTQsImlzc3VlZEF0IjoxNjM4OTQ4MDU3NDUyfQ.9DXH9wtENAz2-R7hXpHtaSRzs-H0mQ3s0WGWVXi1NEw
84,https://cafe.naver.com/cosmania/32337701?art=ZXh0ZXJuYWwtc2VydmljZS1uYXZlci1zZWFyY2gtY2FmZS1wcg==.eyJhbGciOiJIUzI1NiIsInR5cCI6IkpXVCJ9.eyJjYWZlVHlwZSI6IkNBRkVfVVJMIiwiY2FmZVVybCI6ImNvc21hbmlhIiwiYXJ0aWNsZUlkIjozMjMzNzcwMSwiaXNzdWVkQXQiOjE2Mzg5NDgwNjEzOTJ9.szIsAt651fpdXwtfyg0m0EURG6J6J13uhmt9jBKTpoY
85,https://cafe.naver.com/sunandmoonclass/4?art=ZXh0ZXJuYWwtc2VydmljZS1uYXZlci1zZWFyY2gtY2FmZS1wcg==.eyJhbGciOiJIUzI1NiIsInR5cCI6IkpXVCJ9.eyJjYWZlVHlwZSI6IkNBRkVfVVJMIiwiY2FmZVVybCI6InN1bmFuZG1vb25jbGFzcyIsImFydGljbGVJZCI6NCwiaXNzdWVkQXQiOjE2Mzg5NDgwNTAwNTN9.GyeL8UB07YuKB3tqqgbf5MHt3fgl8AA8GHo295y912Y
86,https://cafe.naver.com/ehdxks2/249954?art=ZXh0ZXJuYWwtc2VydmljZS1uYXZlci1zZWFyY2gtY2FmZS1wcg==.eyJhbGciOiJIUzI1NiIsInR5cCI6IkpXVCJ9.eyJjYWZlVHlwZSI6IkNBRkVfVVJMIiwiY2FmZVVybCI6ImVoZHhrczIiLCJhcnRpY2xlSWQiOjI0OTk1NCwiaXNzdWVkQXQiOjE2Mzg5NDc5MjM4MDh9.xY8W9Iz3dr6e-O_MVLh-ZbTV38yeghyBUYGbsFigdfo
87,https://cafe.naver.com/cge80/631325?art=ZXh0ZXJuYWwtc2VydmljZS1uYXZlci1zZWFyY2gtY2FmZS1wcg==.eyJhbGciOiJIUzI1NiIsInR5cCI6IkpXVCJ9.eyJjYWZlVHlwZSI6IkNBRkVfVVJMIiwiY2FmZVVybCI6ImNnZTgwIiwiYXJ0aWNsZUlkIjo2MzEzMjUsImlzc3VlZEF0IjoxNjM4OTQ3OTc5NTM4fQ.M__dRdzwcHpawPhdjgj0udRKxgT31760a7yT9UXaD_w
88,https://cafe.naver.com/esmartwoman/150107?art=ZXh0ZXJuYWwtc2VydmljZS1uYXZlci1zZWFyY2gtY2FmZS1wcg==.eyJhbGciOiJIUzI1NiIsInR5cCI6IkpXVCJ9.eyJjYWZlVHlwZSI6IkNBRkVfVVJMIiwiY2FmZVVybCI6ImVzbWFydHdvbWFuIiwiYXJ0aWNsZUlkIjoxNTAxMDcsImlzc3VlZEF0IjoxNjM4OTQ3OTMxNjU4fQ.Ur75xWLsX9ce2qZi8_j3Xs2Y3ns9xNrV9mu1h-IlixI
89,https://cafe.naver.com/isajime/5000783?art=ZXh0ZXJuYWwtc2VydmljZS1uYXZlci1zZWFyY2gtY2FmZS1wcg==.eyJhbGciOiJIUzI1NiIsInR5cCI6IkpXVCJ9.eyJjYWZlVHlwZSI6IkNBRkVfVVJMIiwiY2FmZVVybCI6ImlzYWppbWUiLCJhcnRpY2xlSWQiOjUwMDA3ODMsImlzc3VlZEF0IjoxNjM4OTQ4MDYxMzg4fQ.ihWL505suUCB5R7klboy3q1JMp7XZrWNOtivDyiQ3aI
90,https://cafe.naver.com/kyerongapartment/2709038?art=ZXh0ZXJuYWwtc2VydmljZS1uYXZlci1zZWFyY2gtY2FmZS1wcg==.eyJhbGciOiJIUzI1NiIsInR5cCI6IkpXVCJ9.eyJjYWZlVHlwZSI6IkNBRkVfVVJMIiwiY2FmZVVybCI6Imt5ZXJvbmdhcGFydG1lbnQiLCJhcnRpY2xlSWQiOjI3MDkwMzgsImlzc3VlZEF0IjoxNjM4OTQ4MDY0ODE4fQ.Qka_z4D2XeDrQnHVMPnPMpu-5MiboK4cwP2O_1Yn0GI
91,https://cafe.naver.com/ckbell/25888?art=ZXh0ZXJuYWwtc2VydmljZS1uYXZlci1zZWFyY2gtY2FmZS1wcg==.eyJhbGciOiJIUzI1NiIsInR5cCI6IkpXVCJ9.eyJjYWZlVHlwZSI6IkNBRkVfVVJMIiwiY2FmZVVybCI6ImNrYmVsbCIsImFydGljbGVJZCI6MjU4ODgsImlzc3VlZEF0IjoxNjM4OTQ3OTc5NTM5fQ.n9lzQgVaLdBCh23O-NIdDdHRnPZl1L-JIXJCZBd30z4
92,https://cafe.naver.com/solocristmas/45769?art=ZXh0ZXJuYWwtc2VydmljZS1uYXZlci1zZWFyY2gtY2FmZS1wcg==.eyJhbGciOiJIUzI1NiIsInR5cCI6IkpXVCJ9.eyJjYWZlVHlwZSI6IkNBRkVfVVJMIiwiY2FmZVVybCI6InNvbG9jcmlzdG1hcyIsImFydGljbGVJZCI6NDU3NjksImlzc3VlZEF0IjoxNjM4OTQ4MDM1MDIxfQ.k6oVG-TsoL4Ope_tFzHAEtcMPA6qxt013_t-EYpLAaU
93,https://cafe.naver.com/smartelectro/51591?art=ZXh0ZXJuYWwtc2VydmljZS1uYXZlci1zZWFyY2gtY2FmZS1wcg==.eyJhbGciOiJIUzI1NiIsInR5cCI6IkpXVCJ9.eyJjYWZlVHlwZSI6IkNBRkVfVVJMIiwiY2FmZVVybCI6InNtYXJ0ZWxlY3RybyIsImFydGljbGVJZCI6NTE1OTEsImlzc3VlZEF0IjoxNjM4OTQ3ODcyMzkyfQ.vq9r3lZCbkt1wW7sCVddkotqBo3nEX442kMlaWJLsjM
94,https://cafe.naver.com/itwelcome/9651?art=ZXh0ZXJuYWwtc2VydmljZS1uYXZlci1zZWFyY2gtY2FmZS1wcg==.eyJhbGciOiJIUzI1NiIsInR5cCI6IkpXVCJ9.eyJjYWZlVHlwZSI6IkNBRkVfVVJMIiwiY2FmZVVybCI6Iml0d2VsY29tZSIsImFydGljbGVJZCI6OTY1MSwiaXNzdWVkQXQiOjE2Mzg5NDc4OTQxNzd9.oVH6sMLI4aIhjfWDrtLCmH5hghqItejBD8wBRLIRH94
95,https://cafe.naver.com/byungs94/6832696?art=ZXh0ZXJuYWwtc2VydmljZS1uYXZlci1zZWFyY2gtY2FmZS1wcg==.eyJhbGciOiJIUzI1NiIsInR5cCI6IkpXVCJ9.eyJjYWZlVHlwZSI6IkNBRkVfVVJMIiwiY2FmZVVybCI6ImJ5dW5nczk0IiwiYXJ0aWNsZUlkIjo2ODMyNjk2LCJpc3N1ZWRBdCI6MTYzODk0ODA4Mjk0MH0.yfLPQmiIdtiGJYdK0um2lBkfcBcsNp6IhOBYxs5LgYM
96,https://cafe.naver.com/naraesavlorrr/289?art=ZXh0ZXJuYWwtc2VydmljZS1uYXZlci1zZWFyY2gtY2FmZS1wcg==.eyJhbGciOiJIUzI1NiIsInR5cCI6IkpXVCJ9.eyJjYWZlVHlwZSI6IkNBRkVfVVJMIiwiY2FmZVVybCI6Im5hcmFlc2F2bG9ycnIiLCJhcnRpY2xlSWQiOjI4OSwiaXNzdWVkQXQiOjE2Mzg5NDgwMjc3ODZ9.Pc3owpf2TjmEe-YQ8-buw2vEO8dvhg7ybV6Me2IaTtE
97,https://cafe.naver.com/anjungmom/765651?art=ZXh0ZXJuYWwtc2VydmljZS1uYXZlci1zZWFyY2gtY2FmZS1wcg==.eyJhbGciOiJIUzI1NiIsInR5cCI6IkpXVCJ9.eyJjYWZlVHlwZSI6IkNBRkVfVVJMIiwiY2FmZVVybCI6ImFuanVuZ21vbSIsImFydGljbGVJZCI6NzY1NjUxLCJpc3N1ZWRBdCI6MTYzODk0ODAwNTk4MX0.XxmPn-VXTiqJNalVje_Y2C4kNxM1lTr8RF9qi_DxpjA
98,https://cafe.naver.com/funnystore/94?art=ZXh0ZXJuYWwtc2VydmljZS1uYXZlci1zZWFyY2gtY2FmZS1wcg==.eyJhbGciOiJIUzI1NiIsInR5cCI6IkpXVCJ9.eyJjYWZlVHlwZSI6IkNBRkVfVVJMIiwiY2FmZVVybCI6ImZ1bm55c3RvcmUiLCJhcnRpY2xlSWQiOjk0LCJpc3N1ZWRBdCI6MTYzODk0ODA0MjQ3MX0.XxaD-OPsVgP5g2Zk_VrnKkKxnaQ_k4-LzeCDPlRaxHI
99,https://cafe.naver.com/planvc/72262?art=ZXh0ZXJuYWwtc2VydmljZS1uYXZlci1zZWFyY2gtY2FmZS1wcg==.eyJhbGciOiJIUzI1NiIsInR5cCI6IkpXVCJ9.eyJjYWZlVHlwZSI6IkNBRkVfVVJMIiwiY2FmZVVybCI6InBsYW52YyIsImFydGljbGVJZCI6NzIyNjIsImlzc3VlZEF0IjoxNjM4OTQ4MDMxNjE0fQ.yKqmAaD1_Yg35Mucsgbs_qIGKFTHQ60rjOZXHUBTuIY
100,https://cafe.naver.com/imsanbu/57047295?art=ZXh0ZXJuYWwtc2VydmljZS1uYXZlci1zZWFyY2gtY2FmZS1wcg==.eyJhbGciOiJIUzI1NiIsInR5cCI6IkpXVCJ9.eyJjYWZlVHlwZSI6IkNBRkVfVVJMIiwiY2FmZVVybCI6Imltc2FuYnUiLCJhcnRpY2xlSWQiOjU3MDQ3Mjk1LCJpc3N1ZWRBdCI6MTYzODk0ODA3MTgwNn0.YEqEFhXwZeao_SSWXfRbhwy3iBanmxM8TopFYoMAWVc
101,https://cafe.naver.com/miznett/1775892?art=ZXh0ZXJuYWwtc2VydmljZS1uYXZlci1zZWFyY2gtY2FmZS1wcg==.eyJhbGciOiJIUzI1NiIsInR5cCI6IkpXVCJ9.eyJjYWZlVHlwZSI6IkNBRkVfVVJMIiwiY2FmZVVybCI6Im1pem5ldHQiLCJhcnRpY2xlSWQiOjE3NzU4OTIsImlzc3VlZEF0IjoxNjM4OTQ3OTQyNTQ5fQ.C5RL7EkXviJP_if9gWZyqY_cHnxffaNGTUPQT0j7aKY
102,https://cafe.naver.com/mjann/2114284?art=ZXh0ZXJuYWwtc2VydmljZS1uYXZlci1zZWFyY2gtY2FmZS1wcg==.eyJhbGciOiJIUzI1NiIsInR5cCI6IkpXVCJ9.eyJjYWZlVHlwZSI6IkNBRkVfVVJMIiwiY2FmZVVybCI6Im1qYW5uIiwiYXJ0aWNsZUlkIjoyMTE0Mjg0LCJpc3N1ZWRBdCI6MTYzODk0NzkzNTA1Nn0.9ihEqx6CSBbN_mnISROfdJpm8_5NTSZbMxFkqr8IJnE
103,https://cafe.naver.com/avalonanswers/4346?art=ZXh0ZXJuYWwtc2VydmljZS1uYXZlci1zZWFyY2gtY2FmZS1wcg==.eyJhbGciOiJIUzI1NiIsInR5cCI6IkpXVCJ9.eyJjYWZlVHlwZSI6IkNBRkVfVVJMIiwiY2FmZVVybCI6ImF2YWxvbmFuc3dlcnMiLCJhcnRpY2xlSWQiOjQzNDYsImlzc3VlZEF0IjoxNjM4OTQ4MDIzOTMyfQ.o5ff-HaX_pAO_9jv4T6F6cVfePBI3prrGCfVA0g0-xw
104,https://cafe.naver.com/jaegebal/1885390?art=ZXh0ZXJuYWwtc2VydmljZS1uYXZlci1zZWFyY2gtY2FmZS1wcg==.eyJhbGciOiJIUzI1NiIsInR5cCI6IkpXVCJ9.eyJjYWZlVHlwZSI6IkNBRkVfVVJMIiwiY2FmZVVybCI6ImphZWdlYmFsIiwiYXJ0aWNsZUlkIjoxODg1MzkwLCJpc3N1ZWRBdCI6MTYzODk0ODAyMDM2NX0.UxAr0xFvBg1u03rhS60rCfpMaJ5hfsziyBzlVhljB68
105,https://cafe.naver.com/miznett/2747564?art=ZXh0ZXJuYWwtc2VydmljZS1uYXZlci1zZWFyY2gtY2FmZS1wcg==.eyJhbGciOiJIUzI1NiIsInR5cCI6IkpXVCJ9.eyJjYWZlVHlwZSI6IkNBRkVfVVJMIiwiY2FmZVVybCI6Im1pem5ldHQiLCJhcnRpY2xlSWQiOjI3NDc1NjQsImlzc3VlZEF0IjoxNjM4OTQ4MDU3NDUzfQ.NBl_5EFLQO45xCoo7ELwFqRrjj58TzygQFhr-ml_MQ0
106,https://cafe.naver.com/1msanbu/2058793?art=ZXh0ZXJuYWwtc2VydmljZS1uYXZlci1zZWFyY2gtY2FmZS1wcg==.eyJhbGciOiJIUzI1NiIsInR5cCI6IkpXVCJ9.eyJjYWZlVHlwZSI6IkNBRkVfVVJMIiwiY2FmZVVybCI6IjFtc2FuYnUiLCJhcnRpY2xlSWQiOjIwNTg3OTMsImlzc3VlZEF0IjoxNjM4OTQ3ODcyMzkwfQ.FVKdaj-VAAv8nq1pHfCKVgrqPOl9RXIqYwePZ1jwBMg
107,https://cafe.naver.com/sp0tlessmind/84?art=ZXh0ZXJuYWwtc2VydmljZS1uYXZlci1zZWFyY2gtY2FmZS1wcg==.eyJhbGciOiJIUzI1NiIsInR5cCI6IkpXVCJ9.eyJjYWZlVHlwZSI6IkNBRkVfVVJMIiwiY2FmZVVybCI6InNwMHRsZXNzbWluZCIsImFydGljbGVJZCI6ODQsImlzc3VlZEF0IjoxNjM4OTQ4MDQ2MjM4fQ.t08U5NoK9L8kGgzQ2LZkLNjQSPF1EwE0vTuE5e4WPho
108,https://cafe.naver.com/itmania1/6105?art=ZXh0ZXJuYWwtc2VydmljZS1uYXZlci1zZWFyY2gtY2FmZS1wcg==.eyJhbGciOiJIUzI1NiIsInR5cCI6IkpXVCJ9.eyJjYWZlVHlwZSI6IkNBRkVfVVJMIiwiY2FmZVVybCI6Iml0bWFuaWExIiwiYXJ0aWNsZUlkIjo2MTA1LCJpc3N1ZWRBdCI6MTYzODk0Nzk1MDAzM30.Q01-08LpYNjYGDa2bPorg13zlPRRIVwhbO2d9wel01M
109,https://cafe.naver.com/esmartwoman/205858?art=ZXh0ZXJuYWwtc2VydmljZS1uYXZlci1zZWFyY2gtY2FmZS1wcg==.eyJhbGciOiJIUzI1NiIsInR5cCI6IkpXVCJ9.eyJjYWZlVHlwZSI6IkNBRkVfVVJMIiwiY2FmZVVybCI6ImVzbWFydHdvbWFuIiwiYXJ0aWNsZUlkIjoyMDU4NTgsImlzc3VlZEF0IjoxNjM4OTQ4MDQyNDY5fQ.8okvv5BhOybk8Lz89kv47ZpuhsNuySUmMByoqLehrZA
110,https://cafe.naver.com/no1sejong/2973266?art=ZXh0ZXJuYWwtc2VydmljZS1uYXZlci1zZWFyY2gtY2FmZS1wcg==.eyJhbGciOiJIUzI1NiIsInR5cCI6IkpXVCJ9.eyJjYWZlVHlwZSI6IkNBRkVfVVJMIiwiY2FmZVVybCI6Im5vMXNlam9uZyIsImFydGljbGVJZCI6Mjk3MzI2NiwiaXNzdWVkQXQiOjE2Mzg5NDgwNjQ4MTd9.eCiCCTWgeaJDFji8cMQLqH9KZ7dvxsJqRoT4_jYEJQc
111,https://cafe.naver.com/onairbuysell/526?art=ZXh0ZXJuYWwtc2VydmljZS1uYXZlci1zZWFyY2gtY2FmZS1wcg==.eyJhbGciOiJIUzI1NiIsInR5cCI6IkpXVCJ9.eyJjYWZlVHlwZSI6IkNBRkVfVVJMIiwiY2FmZVVybCI6Im9uYWlyYnV5c2VsbCIsImFydGljbGVJZCI6NTI2LCJpc3N1ZWRBdCI6MTYzODk0NzkzNTA1OH0.5Ie_3rwzjrBaNUO7WLo0OqZ4aldb1Ml9ZdJ7H89O-wQ
112,https://cafe.naver.com/ckbell/30101?art=ZXh0ZXJuYWwtc2VydmljZS1uYXZlci1zZWFyY2gtY2FmZS1wcg==.eyJhbGciOiJIUzI1NiIsInR5cCI6IkpXVCJ9.eyJjYWZlVHlwZSI6IkNBRkVfVVJMIiwiY2FmZVVybCI6ImNrYmVsbCIsImFydGljbGVJZCI6MzAxMDEsImlzc3VlZEF0IjoxNjM4OTQ3OTkwODUzfQ.Ji_Cu6iUZYRpqubGmEY-dLf7pHoXBJ5c7b6S3yJiWbY
113,https://cafe.naver.com/miznett/2494622?art=ZXh0ZXJuYWwtc2VydmljZS1uYXZlci1zZWFyY2gtY2FmZS1wcg==.eyJhbGciOiJIUzI1NiIsInR5cCI6IkpXVCJ9.eyJjYWZlVHlwZSI6IkNBRkVfVVJMIiwiY2FmZVVybCI6Im1pem5ldHQiLCJhcnRpY2xlSWQiOjI0OTQ2MjIsImlzc3VlZEF0IjoxNjM4OTQ4MDM4ODMzfQ.O4gclZJiWJcAdvTrtu7mkHuMPrVvsApjW7eVEvTsPgs
114,https://cafe.naver.com/romance3101/959?art=ZXh0ZXJuYWwtc2VydmljZS1uYXZlci1zZWFyY2gtY2FmZS1wcg==.eyJhbGciOiJIUzI1NiIsInR5cCI6IkpXVCJ9.eyJjYWZlVHlwZSI6IkNBRkVfVVJMIiwiY2FmZVVybCI6InJvbWFuY2UzMTAxIiwiYXJ0aWNsZUlkIjo5NTksImlzc3VlZEF0IjoxNjM4OTQ3OTEyNzEzfQ.AUFhK7Kv1bdWkXJgakSz14UaGr5l2CWbkTEHLkwZkxI
115,https://cafe.naver.com/isajime/4465866?art=ZXh0ZXJuYWwtc2VydmljZS1uYXZlci1zZWFyY2gtY2FmZS1wcg==.eyJhbGciOiJIUzI1NiIsInR5cCI6IkpXVCJ9.eyJjYWZlVHlwZSI6IkNBRkVfVVJMIiwiY2FmZVVybCI6ImlzYWppbWUiLCJhcnRpY2xlSWQiOjQ0NjU4NjYsImlzc3VlZEF0IjoxNjM4OTQ4MDA5OTA3fQ.mcZFEZbVG49pcmom6KNxovNGvMlHl99kWj6BBMvAST4
116,https://cafe.naver.com/miznett/2896409?art=ZXh0ZXJuYWwtc2VydmljZS1uYXZlci1zZWFyY2gtY2FmZS1wcg==.eyJhbGciOiJIUzI1NiIsInR5cCI6IkpXVCJ9.eyJjYWZlVHlwZSI6IkNBRkVfVVJMIiwiY2FmZVVybCI6Im1pem5ldHQiLCJhcnRpY2xlSWQiOjI4OTY0MDksImlzc3VlZEF0IjoxNjM4OTQ4MDcxODAzfQ.L8DZJ_pyGD9DP34dJlOsvWzLmbtRp9mGDJEUmNLb01o
117,https://cafe.naver.com/skksqjrmqjrm/258?art=ZXh0ZXJuYWwtc2VydmljZS1uYXZlci1zZWFyY2gtY2FmZS1wcg==.eyJhbGciOiJIUzI1NiIsInR5cCI6IkpXVCJ9.eyJjYWZlVHlwZSI6IkNBRkVfVVJMIiwiY2FmZVVybCI6InNra3NxanJtcWpybSIsImFydGljbGVJZCI6MjU4LCJpc3N1ZWRBdCI6MTYzODk0NzkzNTA1OH0.Wo9RD-U5rcHfCwrYKZiZ82PI8zqRjbvZw4iHsO4vyZg
118,https://cafe.naver.com/sejongmasterhills/16096?art=ZXh0ZXJuYWwtc2VydmljZS1uYXZlci1zZWFyY2gtY2FmZS1wcg==.eyJhbGciOiJIUzI1NiIsInR5cCI6IkpXVCJ9.eyJjYWZlVHlwZSI6IkNBRkVfVVJMIiwiY2FmZVVybCI6InNlam9uZ21hc3RlcmhpbGxzIiwiYXJ0aWNsZUlkIjoxNjA5NiwiaXNzdWVkQXQiOjE2Mzg5NDgwMzUwMjV9.lqrOWJikq4HzxXNa9G4dJID34OPUYYhvg3HcHpEoArs
119,https://cafe.naver.com/avalonanswers/4327?art=ZXh0ZXJuYWwtc2VydmljZS1uYXZlci1zZWFyY2gtY2FmZS1wcg==.eyJhbGciOiJIUzI1NiIsInR5cCI6IkpXVCJ9.eyJjYWZlVHlwZSI6IkNBRkVfVVJMIiwiY2FmZVVybCI6ImF2YWxvbmFuc3dlcnMiLCJhcnRpY2xlSWQiOjQzMjcsImlzc3VlZEF0IjoxNjM4OTQ4MDIzOTMxfQ.28mQeVBPEj5fqO0CVO5VN8SugtfhmFQy-RRdTOtEIp0
120,https://cafe.naver.com/hotellife/1619527?art=ZXh0ZXJuYWwtc2VydmljZS1uYXZlci1zZWFyY2gtY2FmZS1wcg==.eyJhbGciOiJIUzI1NiIsInR5cCI6IkpXVCJ9.eyJjYWZlVHlwZSI6IkNBRkVfVVJMIiwiY2FmZVVybCI6ImhvdGVsbGlmZSIsImFydGljbGVJZCI6MTYxOTUyNywiaXNzdWVkQXQiOjE2Mzg5NDgwNTM5Mjd9.Hch4ZdIlxL1c4gkAulOVJUWA3sjRK7_T4eNj0eOZ7jc
121,https://cafe.naver.com/jungnangbaby/587166?art=ZXh0ZXJuYWwtc2VydmljZS1uYXZlci1zZWFyY2gtY2FmZS1wcg==.eyJhbGciOiJIUzI1NiIsInR5cCI6IkpXVCJ9.eyJjYWZlVHlwZSI6IkNBRkVfVVJMIiwiY2FmZVVybCI6Imp1bmduYW5nYmFieSIsImFydGljbGVJZCI6NTg3MTY2LCJpc3N1ZWRBdCI6MTYzODk0ODA2MTM4N30.4OThoTvZcOTkPRqncRJjgX3VXvh3UHx8uL2911Strq4
122,https://cafe.naver.com/imsanbu/57553633?art=ZXh0ZXJuYWwtc2VydmljZS1uYXZlci1zZWFyY2gtY2FmZS1wcg==.eyJhbGciOiJIUzI1NiIsInR5cCI6IkpXVCJ9.eyJjYWZlVHlwZSI6IkNBRkVfVVJMIiwiY2FmZVVybCI6Imltc2FuYnUiLCJhcnRpY2xlSWQiOjU3NTUzNjMzLCJpc3N1ZWRBdCI6MTYzODk0ODA3NTIwOH0.KnzE1C9p4zT7vjtQ45rWyzCox2_LSYGBy8fCzmpZrqU
